category	group	pg_key	per_chat	type	widget	save_fn	api_route	storage	runtime_consumer	read_fn	status
reactions	reactions_admin	reactions.admin_user_id	true	int		saveBlock/saveConfigItem	/api/config (X-Chat-Id)	chat_profiles.chat_params.overrides	direct_chat_service (hot.get|get_chat_param)	hot.get|get_chat_param	OK
limits	limits_alan	limits.alan_greeting_cooldown	true	int		saveBlock/saveConfigItem	/api/config (X-Chat-Id)	chat_profiles.chat_params.overrides	workers/RAG/direct_chat_service (hot.get|get_chat_param)	hot.get|get_chat_param	OK
reactions	reactions_alan	reactions.alan_greeting_dir	true	str		saveBlock/saveConfigItem	/api/config (X-Chat-Id)	chat_profiles.chat_params.overrides	direct_chat_service (hot.get|get_chat_param)	hot.get|get_chat_param	OK
reactions	reactions_permsoc	reactions.alan_mimic_enabled	true	bool		saveBlock/saveConfigItem	/api/config (X-Chat-Id)	chat_profiles.chat_params.overrides	direct_chat_service (hot.get|get_chat_param)	hot.get|get_chat_param	OK
flags	flags_permsoc_behavior	flags.alan_replies_enabled	true	bool		saveBlock/saveConfigItem	/api/config (X-Chat-Id)	chat_profiles.chat_params.overrides	feature_gates/direct_chat_service/workers (hot.get|get_chat_param)	hot.get|get_chat_param	OK
limits	limits_alan	limits.alan_reply_interval	true	int		saveBlock/saveConfigItem	/api/config (X-Chat-Id)	chat_profiles.chat_params.overrides	workers/RAG/direct_chat_service (hot.get|get_chat_param)	hot.get|get_chat_param	OK
limits	limits_alan	limits.alan_silence_greeting_hours	true	float		saveBlock/saveConfigItem	/api/config (X-Chat-Id)	chat_profiles.chat_params.overrides	workers/RAG/direct_chat_service (hot.get|get_chat_param)	hot.get|get_chat_param	OK
reactions	reactions_alan	reactions.alan_username	true	str		saveBlock/saveConfigItem	/api/config (X-Chat-Id)	chat_profiles.chat_params.overrides	direct_chat_service (hot.get|get_chat_param)	hot.get|get_chat_param	OK
reactions	reactions_alan	reactions.alan_user_id	true	int		saveBlock/saveConfigItem	/api/config (X-Chat-Id)	chat_profiles.chat_params.overrides	direct_chat_service (hot.get|get_chat_param)	hot.get|get_chat_param	OK
reactions	reactions_summary	reactions.allowed_summary_ids	true	json		saveBlock/saveConfigItem	/api/config (X-Chat-Id)	chat_profiles.chat_params.overrides	direct_chat_service (hot.get|get_chat_param)	hot.get|get_chat_param	OK
limits	limits_memory	limits.archive_memory_retention_days	true	int		saveBlock/saveConfigItem	/api/config (X-Chat-Id)	chat_profiles.chat_params.overrides	workers/RAG/direct_chat_service (hot.get|get_chat_param)	hot.get|get_chat_param	OK
limits	limits_memory	limits.belief_archive_threshold	true	float		saveBlock/saveConfigItem	/api/config (X-Chat-Id)	chat_profiles.chat_params.overrides	workers/RAG/direct_chat_service (hot.get|get_chat_param)	hot.get|get_chat_param	OK
flags	flags_memory	flags.belief_decay_enabled	true	bool		saveBlock/saveConfigItem	/api/config (X-Chat-Id)	chat_profiles.chat_params.overrides	feature_gates/direct_chat_service/workers (hot.get|get_chat_param)	hot.get|get_chat_param	OK
limits	limits_memory	limits.belief_decay_per_month	true	float		saveBlock/saveConfigItem	/api/config (X-Chat-Id)	chat_profiles.chat_params.overrides	workers/RAG/direct_chat_service (hot.get|get_chat_param)	hot.get|get_chat_param	OK
limits	limits_memory	limits.belief_inactivity_days	true	int		saveBlock/saveConfigItem	/api/config (X-Chat-Id)	chat_profiles.chat_params.overrides	workers/RAG/direct_chat_service (hot.get|get_chat_param)	hot.get|get_chat_param	OK
limits	limits_memory	limits.belief_resonance_penalty	true	float		saveBlock/saveConfigItem	/api/config (X-Chat-Id)	chat_profiles.chat_params.overrides	workers/RAG/direct_chat_service (hot.get|get_chat_param)	hot.get|get_chat_param	OK
limits	limits_memory	limits.belief_resonance_threshold	true	float		saveBlock/saveConfigItem	/api/config (X-Chat-Id)	chat_profiles.chat_params.overrides	workers/RAG/direct_chat_service (hot.get|get_chat_param)	hot.get|get_chat_param	OK
flags	flags_memory	flags.bot_self_awareness_enabled	true	bool		saveBlock/saveConfigItem	/api/config (X-Chat-Id)	chat_profiles.chat_params.overrides	feature_gates/direct_chat_service/workers (hot.get|get_chat_param)	hot.get|get_chat_param	OK
reactions	reactions_chat	reactions.chat_botword_pattern	true	str		saveBlock/saveConfigItem	/api/config (X-Chat-Id)	chat_profiles.chat_params.overrides	direct_chat_service (hot.get|get_chat_param)	hot.get|get_chat_param	OK
limits	limits_chat	limits.chat_branch_context_hops	true	int		saveBlock/saveConfigItem	/api/config (X-Chat-Id)	chat_profiles.chat_params.overrides	workers/RAG/direct_chat_service (hot.get|get_chat_param)	hot.get|get_chat_param	OK
limits	limits_chat_budgets	limits.chat_budget_anchors_ratio	true	float		saveBlock/saveConfigItem	/api/config (X-Chat-Id)	chat_profiles.chat_params.overrides	workers/RAG/direct_chat_service (hot.get|get_chat_param)	hot.get|get_chat_param	OK
limits	limits_chat_budgets	limits.chat_budget_branch_ratio	true	float		saveBlock/saveConfigItem	/api/config (X-Chat-Id)	chat_profiles.chat_params.overrides	workers/RAG/direct_chat_service (hot.get|get_chat_param)	hot.get|get_chat_param	OK
limits	limits_chat_budgets	limits.chat_budget_global_ratio	true	float		saveBlock/saveConfigItem	/api/config (X-Chat-Id)	chat_profiles.chat_params.overrides	workers/RAG/direct_chat_service (hot.get|get_chat_param)	hot.get|get_chat_param	OK
limits	limits_chat_budgets	limits.chat_budget_map_ratio	true	float		saveBlock/saveConfigItem	/api/config (X-Chat-Id)	chat_profiles.chat_params.overrides	workers/RAG/direct_chat_service (hot.get|get_chat_param)	hot.get|get_chat_param	OK
limits	limits_rag	limits.chat_budget_rag_ratio	true	float		saveBlock/saveConfigItem	/api/config (X-Chat-Id)	chat_profiles.chat_params.overrides	workers/RAG/direct_chat_service (hot.get|get_chat_param)	hot.get|get_chat_param	OK
limits	limits_chat_budgets	limits.chat_budget_reserve_ratio	true	float		saveBlock/saveConfigItem	/api/config (X-Chat-Id)	chat_profiles.chat_params.overrides	workers/RAG/direct_chat_service (hot.get|get_chat_param)	hot.get|get_chat_param	OK
limits	limits_chat_budgets	limits.chat_budget_response_ratio	true	float		saveBlock/saveConfigItem	/api/config (X-Chat-Id)	chat_profiles.chat_params.overrides	workers/RAG/direct_chat_service (hot.get|get_chat_param)	hot.get|get_chat_param	OK
limits	limits_chat_budgets	limits.chat_budget_target_ratio	true	float		saveBlock/saveConfigItem	/api/config (X-Chat-Id)	chat_profiles.chat_params.overrides	workers/RAG/direct_chat_service (hot.get|get_chat_param)	hot.get|get_chat_param	OK
limits	limits_chat_budgets	limits.chat_budget_thread_ratio	true	float		saveBlock/saveConfigItem	/api/config (X-Chat-Id)	chat_profiles.chat_params.overrides	workers/RAG/direct_chat_service (hot.get|get_chat_param)	hot.get|get_chat_param	OK
limits	limits_chat	limits.chat_burst_limit	true	int		saveBlock/saveConfigItem	/api/config (X-Chat-Id)	chat_profiles.chat_params.overrides	workers/RAG/direct_chat_service (hot.get|get_chat_param)	hot.get|get_chat_param	OK
flags	limits_chat_budgets	flags.chat_context_budgets_enabled	true	bool		saveBlock/saveConfigItem	/api/config (X-Chat-Id)	chat_profiles.chat_params.overrides	feature_gates/direct_chat_service/workers (hot.get|get_chat_param)	hot.get|get_chat_param	OK
limits	limits_chat_budgets	limits.chat_context_budget_tokens	true	int		saveBlock/saveConfigItem	/api/config (X-Chat-Id)	chat_profiles.chat_params.overrides	workers/RAG/direct_chat_service (hot.get|get_chat_param)	hot.get|get_chat_param	OK
limits	limits_chat	limits.chat_context_fill_ratio	true	float		saveBlock/saveConfigItem	/api/config (X-Chat-Id)	chat_profiles.chat_params.overrides	workers/RAG/direct_chat_service (hot.get|get_chat_param)	hot.get|get_chat_param	OK
limits	limits_chat	limits.chat_cooldown_seconds	true	float		saveBlock/saveConfigItem	/api/config (X-Chat-Id)	chat_profiles.chat_params.overrides	workers/RAG/direct_chat_service (hot.get|get_chat_param)	hot.get|get_chat_param	OK
limits	limits_chat	limits.chat_current_question_max_chars	true	int		saveBlock/saveConfigItem	/api/config (X-Chat-Id)	chat_profiles.chat_params.overrides	workers/RAG/direct_chat_service (hot.get|get_chat_param)	hot.get|get_chat_param	OK
flags	flags_chat_behavior	flags.chat_dedup_enabled	true	bool		saveBlock/saveConfigItem	/api/config (X-Chat-Id)	chat_profiles.chat_params.overrides	feature_gates/direct_chat_service/workers (hot.get|get_chat_param)	hot.get|get_chat_param	OK
limits	limits_chat	limits.chat_dedup_ttl_seconds	true	int		saveBlock/saveConfigItem	/api/config (X-Chat-Id)	chat_profiles.chat_params.overrides	workers/RAG/direct_chat_service (hot.get|get_chat_param)	hot.get|get_chat_param	OK
limits	limits_chat	limits.chat_direct_reply_ttl_days	true	int		saveBlock/saveConfigItem	/api/config (X-Chat-Id)	chat_profiles.chat_params.overrides	workers/RAG/direct_chat_service (hot.get|get_chat_param)	hot.get|get_chat_param	OK
limits	limits_chat	limits.chat_global_context_limit	true	int		saveBlock/saveConfigItem	/api/config (X-Chat-Id)	chat_profiles.chat_params.overrides	workers/RAG/direct_chat_service (hot.get|get_chat_param)	hot.get|get_chat_param	OK
limits	limits_chat	limits.chat_global_context_max_chars	true	int		saveBlock/saveConfigItem	/api/config (X-Chat-Id)	chat_profiles.chat_params.overrides	workers/RAG/direct_chat_service (hot.get|get_chat_param)	hot.get|get_chat_param	OK
limits	limits_chat	limits.chat_global_context_max_tokens	true	int		saveBlock/saveConfigItem	/api/config (X-Chat-Id)	chat_profiles.chat_params.overrides	workers/RAG/direct_chat_service (hot.get|get_chat_param)	hot.get|get_chat_param	OK
limits	limits_chat	limits.chat_global_key_budget_requests	true	int		saveBlock/saveConfigItem	/api/config (X-Chat-Id)	chat_profiles.chat_params.overrides	workers/RAG/direct_chat_service (hot.get|get_chat_param)	hot.get|get_chat_param	OK
limits	limits_chat	limits.chat_global_key_budget_tokens	true	int		saveBlock/saveConfigItem	/api/config (X-Chat-Id)	chat_profiles.chat_params.overrides	workers/RAG/direct_chat_service (hot.get|get_chat_param)	hot.get|get_chat_param	OK
flags	flags_chat_behavior	flags.chat_importance_keep_enabled	true	bool		saveBlock/saveConfigItem	/api/config (X-Chat-Id)	chat_profiles.chat_params.overrides	feature_gates/direct_chat_service/workers (hot.get|get_chat_param)	hot.get|get_chat_param	OK
limits	limits_chat	limits.chat_level2_max_chars	true	int		saveBlock/saveConfigItem	/api/config (X-Chat-Id)	chat_profiles.chat_params.overrides	workers/RAG/direct_chat_service (hot.get|get_chat_param)	hot.get|get_chat_param	OK
limits	limits_chat	limits.chat_level2_min_raw_count	true	int		saveBlock/saveConfigItem	/api/config (X-Chat-Id)	chat_profiles.chat_params.overrides	workers/RAG/direct_chat_service (hot.get|get_chat_param)	hot.get|get_chat_param	OK
limits	limits_chat	limits.chat_lock_max_entries	true	int		saveBlock/saveConfigItem	/api/config (X-Chat-Id)	chat_profiles.chat_params.overrides	workers/RAG/direct_chat_service (hot.get|get_chat_param)	hot.get|get_chat_param	OK
limits	limits_chat	limits.chat_lock_wait_seconds	true	float		saveBlock/saveConfigItem	/api/config (X-Chat-Id)	chat_profiles.chat_params.overrides	workers/RAG/direct_chat_service (hot.get|get_chat_param)	hot.get|get_chat_param	OK
limits	limits_chat	limits.chat_map_participants_cap	true	int		saveBlock/saveConfigItem	/api/config (X-Chat-Id)	chat_profiles.chat_params.overrides	workers/RAG/direct_chat_service (hot.get|get_chat_param)	hot.get|get_chat_param	OK
limits	limits_chat	limits.chat_map_participants_hours	true	int		saveBlock/saveConfigItem	/api/config (X-Chat-Id)	chat_profiles.chat_params.overrides	workers/RAG/direct_chat_service (hot.get|get_chat_param)	hot.get|get_chat_param	OK
flags	flags_chat_behavior	flags.chat_mood_enabled	true	bool		saveBlock/saveConfigItem	/api/config (X-Chat-Id)	chat_profiles.chat_params.overrides	feature_gates/direct_chat_service/workers (hot.get|get_chat_param)	hot.get|get_chat_param	OK
reactions	reactions_chat	reactions.chat_mood_negative_words	true	str		saveBlock/saveConfigItem	/api/config (X-Chat-Id)	chat_profiles.chat_params.overrides	direct_chat_service (hot.get|get_chat_param)	hot.get|get_chat_param	OK
reactions	reactions_chat	reactions.chat_mood_positive_words	true	str		saveBlock/saveConfigItem	/api/config (X-Chat-Id)	chat_profiles.chat_params.overrides	direct_chat_service (hot.get|get_chat_param)	hot.get|get_chat_param	OK
limits	limits_rag	limits.chat_rag_dedup_overlap_ratio	true	float		saveBlock/saveConfigItem	/api/config (X-Chat-Id)	chat_profiles.chat_params.overrides	workers/RAG/direct_chat_service (hot.get|get_chat_param)	hot.get|get_chat_param	OK
flags	flags_memory	flags.chat_rag_rerank_enabled	true	bool		saveBlock/saveConfigItem	/api/config (X-Chat-Id)	chat_profiles.chat_params.overrides	feature_gates/direct_chat_service/workers (hot.get|get_chat_param)	hot.get|get_chat_param	OK
flags	flags_chat_behavior	flags.chat_running_summary_enabled	true	bool		saveBlock/saveConfigItem	/api/config (X-Chat-Id)	chat_profiles.chat_params.overrides	feature_gates/direct_chat_service/workers (hot.get|get_chat_param)	hot.get|get_chat_param	OK
limits	limits_chat	limits.chat_running_summary_tail	true	int		saveBlock/saveConfigItem	/api/config (X-Chat-Id)	chat_profiles.chat_params.overrides	workers/RAG/direct_chat_service (hot.get|get_chat_param)	hot.get|get_chat_param	OK
limits	limits_chat_behavior	limits.chat_silence_after_cooldowns	true	int		saveBlock/saveConfigItem	/api/config (X-Chat-Id)	chat_profiles.chat_params.overrides	workers/RAG/direct_chat_service (hot.get|get_chat_param)	hot.get|get_chat_param	OK
flags	flags_chat_behavior	flags.chat_silence_enabled	true	bool		saveBlock/saveConfigItem	/api/config (X-Chat-Id)	chat_profiles.chat_params.overrides	feature_gates/direct_chat_service/workers (hot.get|get_chat_param)	hot.get|get_chat_param	OK
limits	limits_chat_behavior	limits.chat_style_anchors_count	true	int		saveBlock/saveConfigItem	/api/config (X-Chat-Id)	chat_profiles.chat_params.overrides	workers/RAG/direct_chat_service (hot.get|get_chat_param)	hot.get|get_chat_param	OK
flags	flags_chat_behavior	flags.chat_style_anchors_enabled	true	bool		saveBlock/saveConfigItem	/api/config (X-Chat-Id)	chat_profiles.chat_params.overrides	feature_gates/direct_chat_service/workers (hot.get|get_chat_param)	hot.get|get_chat_param	OK
limits	limits_chat_behavior	limits.chat_style_anchor_max_chars	true	int		saveBlock/saveConfigItem	/api/config (X-Chat-Id)	chat_profiles.chat_params.overrides	workers/RAG/direct_chat_service (hot.get|get_chat_param)	hot.get|get_chat_param	OK
limits	limits_temperature	limits.chat_temperature_balanced	true	float		saveBlock/saveConfigItem	/api/config (X-Chat-Id)	chat_profiles.chat_params.overrides	workers/RAG/direct_chat_service (hot.get|get_chat_param)	hot.get|get_chat_param	OK
limits	limits_temperature	limits.chat_temperature_chatty	true	float		saveBlock/saveConfigItem	/api/config (X-Chat-Id)	chat_profiles.chat_params.overrides	workers/RAG/direct_chat_service (hot.get|get_chat_param)	hot.get|get_chat_param	OK
limits	limits_temperature	limits.chat_temperature_precise	true	float		saveBlock/saveConfigItem	/api/config (X-Chat-Id)	chat_profiles.chat_params.overrides	workers/RAG/direct_chat_service (hot.get|get_chat_param)	hot.get|get_chat_param	OK
limits	limits_temperature	limits.chat_temperature_preset_default	true	str	select	saveBlock/saveConfigItem	/api/config (X-Chat-Id)	chat_profiles.chat_params.overrides	workers/RAG/direct_chat_service (hot.get|get_chat_param)	hot.get|get_chat_param	OK
limits	limits_chat	limits.chat_thread_max_chars	true	int		saveBlock/saveConfigItem	/api/config (X-Chat-Id)	chat_profiles.chat_params.overrides	workers/RAG/direct_chat_service (hot.get|get_chat_param)	hot.get|get_chat_param	OK
limits	limits_chat	limits.chat_thread_max_depth	true	int		saveBlock/saveConfigItem	/api/config (X-Chat-Id)	chat_profiles.chat_params.overrides	workers/RAG/direct_chat_service (hot.get|get_chat_param)	hot.get|get_chat_param	OK
limits	limits_chat	limits.chat_thread_max_tokens	true	int		saveBlock/saveConfigItem	/api/config (X-Chat-Id)	chat_profiles.chat_params.overrides	workers/RAG/direct_chat_service (hot.get|get_chat_param)	hot.get|get_chat_param	OK
models	models_checkup	models.checkup_betterstack_sql_host	false	str		saveBlock/saveConfigItem (global:true)	/api/config (global, no X-Chat-Id)	bot_settings	llm_client/llm_probe/status_service/worker_budget (hot.get)	hot.get	OK
keys	keys_betterstack	keys.checkup_betterstack_sql_password	false	str		saveKeyItem/saveBlock	/api/config (global, no X-Chat-Id)	bot_settings	llm_client/llm_probe/status_service (hot.get; BYOK — chat_keys)	hot.get	OK
models	models_checkup	models.checkup_betterstack_sql_query	false	str		saveBlock/saveConfigItem (global:true)	/api/config (global, no X-Chat-Id)	bot_settings	llm_client/llm_probe/status_service/worker_budget (hot.get)	hot.get	OK
models	models_checkup	models.checkup_betterstack_sql_table	false	str		saveBlock/saveConfigItem (global:true)	/api/config (global, no X-Chat-Id)	bot_settings	llm_client/llm_probe/status_service/worker_budget (hot.get)	hot.get	OK
keys	keys_betterstack	keys.checkup_betterstack_sql_user	false	str		saveKeyItem/saveBlock	/api/config (global, no X-Chat-Id)	bot_settings	llm_client/llm_probe/status_service (hot.get; BYOK — chat_keys)	hot.get	OK
limits	limits_checkup	limits.checkup_cooldown_seconds	true	float		saveBlock/saveConfigItem	/api/config (X-Chat-Id)	chat_profiles.chat_params.overrides	workers/RAG/direct_chat_service (hot.get|get_chat_param)	hot.get|get_chat_param	OK
flags	flags_service	flags.checkup_enabled	true	bool		saveBlock/saveConfigItem	/api/config (X-Chat-Id)	chat_profiles.chat_params.overrides	feature_gates/direct_chat_service/workers (hot.get|get_chat_param)	hot.get|get_chat_param	OK
limits	limits_checkup	limits.checkup_max_input_symbols	true	int		saveBlock/saveConfigItem	/api/config (X-Chat-Id)	chat_profiles.chat_params.overrides	workers/RAG/direct_chat_service (hot.get|get_chat_param)	hot.get|get_chat_param	OK
limits	limits_checkup	limits.checkup_max_symbols	true	int		saveBlock/saveConfigItem	/api/config (X-Chat-Id)	chat_profiles.chat_params.overrides	workers/RAG/direct_chat_service (hot.get|get_chat_param)	hot.get|get_chat_param	OK
flags	flags_service	flags.checkup_memory_metrics_enabled	true	bool		saveBlock/saveConfigItem	/api/config (X-Chat-Id)	chat_profiles.chat_params.overrides	feature_gates/direct_chat_service/workers (hot.get|get_chat_param)	hot.get|get_chat_param	OK
limits	limits_media_permsoc	limits.common_cooldown	true	float		saveBlock/saveConfigItem	/api/config (X-Chat-Id)	chat_profiles.chat_params.overrides	workers/RAG/direct_chat_service (hot.get|get_chat_param)	hot.get|get_chat_param	OK
reactions	reactions_common	reactions.common_media_base	true	str		saveBlock/saveConfigItem	/api/config (X-Chat-Id)	chat_profiles.chat_params.overrides	direct_chat_service (hot.get|get_chat_param)	hot.get|get_chat_param	OK
flags	flags_media	flags.common_media_enabled	true	bool		saveBlock/saveConfigItem	/api/config (X-Chat-Id)	chat_profiles.chat_params.overrides	feature_gates/direct_chat_service/workers (hot.get|get_chat_param)	hot.get|get_chat_param	OK
flags	flags_media	flags.common_work_media_enabled	true	bool		saveBlock/saveConfigItem	/api/config (X-Chat-Id)	chat_profiles.chat_params.overrides	feature_gates/direct_chat_service/workers (hot.get|get_chat_param)	hot.get|get_chat_param	OK
limits	limits_media_permsoc	limits.danger_cooldown	true	float		saveBlock/saveConfigItem	/api/config (X-Chat-Id)	chat_profiles.chat_params.overrides	workers/RAG/direct_chat_service (hot.get|get_chat_param)	hot.get|get_chat_param	OK
reactions	reactions_common	reactions.danger_words	true	str		saveBlock/saveConfigItem	/api/config (X-Chat-Id)	chat_profiles.chat_params.overrides	direct_chat_service (hot.get|get_chat_param)	hot.get|get_chat_param	OK
flags	flags_service	flags.db_wal_checkpoint_enabled	true	bool		saveBlock/saveConfigItem	/api/config (X-Chat-Id)	chat_profiles.chat_params.overrides	feature_gates/direct_chat_service/workers (hot.get|get_chat_param)	hot.get|get_chat_param	OK
limits	limits_service	limits.db_wal_checkpoint_hours	true	int		saveBlock/saveConfigItem	/api/config (X-Chat-Id)	chat_profiles.chat_params.overrides	workers/RAG/direct_chat_service (hot.get|get_chat_param)	hot.get|get_chat_param	OK
limits	limits_deadpage	limits.dead_page_caption_max_chars	true	int		saveBlock/saveConfigItem	/api/config (X-Chat-Id)	chat_profiles.chat_params.overrides	workers/RAG/direct_chat_service (hot.get|get_chat_param)	hot.get|get_chat_param	OK
limits	limits_deadpage	limits.dead_page_cooldown	true	float		saveBlock/saveConfigItem	/api/config (X-Chat-Id)	chat_profiles.chat_params.overrides	workers/RAG/direct_chat_service (hot.get|get_chat_param)	hot.get|get_chat_param	OK
reactions	reactions_deadpage	reactions.dead_page_dir	true	str		saveBlock/saveConfigItem	/api/config (X-Chat-Id)	chat_profiles.chat_params.overrides	direct_chat_service (hot.get|get_chat_param)	hot.get|get_chat_param	OK
limits	limits_deadpage	limits.dead_page_max_forward_retries	true	int		saveBlock/saveConfigItem	/api/config (X-Chat-Id)	chat_profiles.chat_params.overrides	workers/RAG/direct_chat_service (hot.get|get_chat_param)	hot.get|get_chat_param	OK
flags	flags_permsoc_behavior	flags.dead_page_post_on_join	true	bool		saveBlock/saveConfigItem	/api/config (X-Chat-Id)	chat_profiles.chat_params.overrides	feature_gates/direct_chat_service/workers (hot.get|get_chat_param)	hot.get|get_chat_param	OK
reactions	reactions_deadpage	reactions.dead_page_relay_channel_id	true	int		saveBlock/saveConfigItem	/api/config (X-Chat-Id)	chat_profiles.chat_params.overrides	direct_chat_service (hot.get|get_chat_param)	hot.get|get_chat_param	OK
reactions	reactions_deadpage	reactions.dead_page_source_channel_id	true	int		saveBlock/saveConfigItem	/api/config (X-Chat-Id)	chat_profiles.chat_params.overrides	direct_chat_service (hot.get|get_chat_param)	hot.get|get_chat_param	OK
reactions	reactions_deadpage	reactions.dead_page_source_channel_username	true	str		saveBlock/saveConfigItem	/api/config (X-Chat-Id)	chat_profiles.chat_params.overrides	direct_chat_service (hot.get|get_chat_param)	hot.get|get_chat_param	OK
flags	flags_memory	flags.deep_sleep_enabled	true	bool		saveBlock/saveConfigItem	/api/config (X-Chat-Id)	chat_profiles.chat_params.overrides	feature_gates/direct_chat_service/workers (hot.get|get_chat_param)	hot.get|get_chat_param	OK
memory	memory_dream	memory.deep_sleep_hour	true	int		saveBlock/saveConfigItem	/api/config (X-Chat-Id)	chat_profiles.chat_params.overrides	summary_memory/dream_worker/nostalgia (hot.get|get_chat_param)	hot.get|get_chat_param	OK
limits	limits_memory	limits.deep_sleep_max_paradigms_per_run	true	int		saveBlock/saveConfigItem	/api/config (X-Chat-Id)	chat_profiles.chat_params.overrides	workers/RAG/direct_chat_service (hot.get|get_chat_param)	hot.get|get_chat_param	OK
limits	limits_memory	limits.deep_sleep_tokens_per_day	true	int		saveBlock/saveConfigItem	/api/config (X-Chat-Id)	chat_profiles.chat_params.overrides	workers/RAG/direct_chat_service (hot.get|get_chat_param)	hot.get|get_chat_param	OK
limits	limits_memory	limits.deep_sleep_top_k	true	int		saveBlock/saveConfigItem	/api/config (X-Chat-Id)	chat_profiles.chat_params.overrides	workers/RAG/direct_chat_service (hot.get|get_chat_param)	hot.get|get_chat_param	OK
memory	memory_dream	memory.deep_sleep_trigger	true	str	select	saveBlock/saveConfigItem	/api/config (X-Chat-Id)	chat_profiles.chat_params.overrides	summary_memory/dream_worker/nostalgia (hot.get|get_chat_param)	hot.get|get_chat_param	OK
flags	flags_memory	flags.dig_enabled	true	bool		saveBlock/saveConfigItem	/api/config (X-Chat-Id)	chat_profiles.chat_params.overrides	feature_gates/direct_chat_service/workers (hot.get|get_chat_param)	hot.get|get_chat_param	OK
limits	limits_memory	limits.dig_graph_hop_depth	true	int		saveBlock/saveConfigItem	/api/config (X-Chat-Id)	chat_profiles.chat_params.overrides	workers/RAG/direct_chat_service (hot.get|get_chat_param)	hot.get|get_chat_param	OK
limits	limits_memory	limits.dig_max_facts	true	int		saveBlock/saveConfigItem	/api/config (X-Chat-Id)	chat_profiles.chat_params.overrides	workers/RAG/direct_chat_service (hot.get|get_chat_param)	hot.get|get_chat_param	OK
limits	limits_memory	limits.dig_max_snippets	true	int		saveBlock/saveConfigItem	/api/config (X-Chat-Id)	chat_profiles.chat_params.overrides	workers/RAG/direct_chat_service (hot.get|get_chat_param)	hot.get|get_chat_param	OK
limits	limits_memory	limits.dig_max_symbols	true	int		saveBlock/saveConfigItem	/api/config (X-Chat-Id)	chat_profiles.chat_params.overrides	workers/RAG/direct_chat_service (hot.get|get_chat_param)	hot.get|get_chat_param	OK
flags	flags_memory	flags.dig_pre_gate_enabled	true	bool		saveBlock/saveConfigItem	/api/config (X-Chat-Id)	chat_profiles.chat_params.overrides	feature_gates/direct_chat_service/workers (hot.get|get_chat_param)	hot.get|get_chat_param	OK
limits	limits_memory	limits.dig_year_back_window_days	true	int		saveBlock/saveConfigItem	/api/config (X-Chat-Id)	chat_profiles.chat_params.overrides	workers/RAG/direct_chat_service (hot.get|get_chat_param)	hot.get|get_chat_param	OK
flags	flags_module_direct	flags.direct_chat_botword_enabled	true	bool		saveBlock/saveConfigItem	/api/config (X-Chat-Id)	chat_profiles.chat_params.overrides	feature_gates/direct_chat_service/workers (hot.get|get_chat_param)	hot.get|get_chat_param	OK
limits	limits_media_download	limits.download_cooldown	true	float		saveBlock/saveConfigItem	/api/config (X-Chat-Id)	chat_profiles.chat_params.overrides	workers/RAG/direct_chat_service (hot.get|get_chat_param)	hot.get|get_chat_param	OK
flags	flags_module_media_download	flags.download_enabled	true	bool		saveBlock/saveConfigItem	/api/config (X-Chat-Id)	chat_profiles.chat_params.overrides	feature_gates/direct_chat_service/workers (hot.get|get_chat_param)	hot.get|get_chat_param	OK
memory	memory_dream	memory.dream_cluster_overlap_tokens	true	int		saveBlock/saveConfigItem	/api/config (X-Chat-Id)	chat_profiles.chat_params.overrides	summary_memory/dream_worker/nostalgia (hot.get|get_chat_param)	hot.get|get_chat_param	OK
memory	memory_dream	memory.dream_distillations_per_day	true	int		saveBlock/saveConfigItem	/api/config (X-Chat-Id)	chat_profiles.chat_params.overrides	summary_memory/dream_worker/nostalgia (hot.get|get_chat_param)	hot.get|get_chat_param	OK
memory	memory_dream	memory.dream_enabled	true	bool		saveBlock/saveConfigItem	/api/config (X-Chat-Id)	chat_profiles.chat_params.overrides	summary_memory/dream_worker/nostalgia (hot.get|get_chat_param)	hot.get|get_chat_param	OK
memory	memory_dream	memory.dream_importance_sum_threshold	true	int		saveBlock/saveConfigItem	/api/config (X-Chat-Id)	chat_profiles.chat_params.overrides	summary_memory/dream_worker/nostalgia (hot.get|get_chat_param)	hot.get|get_chat_param	OK
memory	memory_dream	memory.dream_initial_window_hours	true	int		saveBlock/saveConfigItem	/api/config (X-Chat-Id)	chat_profiles.chat_params.overrides	summary_memory/dream_worker/nostalgia (hot.get|get_chat_param)	hot.get|get_chat_param	OK
memory	memory_dream	memory.dream_max_chats_per_run	true	int		saveBlock/saveConfigItem	/api/config (X-Chat-Id)	chat_profiles.chat_params.overrides	summary_memory/dream_worker/nostalgia (hot.get|get_chat_param)	hot.get|get_chat_param	OK
memory	memory_dream	memory.dream_max_clusters_per_run	true	int		saveBlock/saveConfigItem	/api/config (X-Chat-Id)	chat_profiles.chat_params.overrides	summary_memory/dream_worker/nostalgia (hot.get|get_chat_param)	hot.get|get_chat_param	OK
memory	memory_dream	memory.dream_min_new_facts_per_chat	true	int		saveBlock/saveConfigItem	/api/config (X-Chat-Id)	chat_profiles.chat_params.overrides	summary_memory/dream_worker/nostalgia (hot.get|get_chat_param)	hot.get|get_chat_param	OK
memory	memory_dream	memory.dream_quiet_check_minutes	true	int		saveBlock/saveConfigItem	/api/config (X-Chat-Id)	chat_profiles.chat_params.overrides	summary_memory/dream_worker/nostalgia (hot.get|get_chat_param)	hot.get|get_chat_param	OK
memory	memory_dream	memory.dream_repeat_threshold	true	int		saveBlock/saveConfigItem	/api/config (X-Chat-Id)	chat_profiles.chat_params.overrides	summary_memory/dream_worker/nostalgia (hot.get|get_chat_param)	hot.get|get_chat_param	OK
memory	memory_dream	memory.dream_tick_minutes	true	int		saveBlock/saveConfigItem	/api/config (X-Chat-Id)	chat_profiles.chat_params.overrides	summary_memory/dream_worker/nostalgia (hot.get|get_chat_param)	hot.get|get_chat_param	OK
memory	memory_dream	memory.dream_tokens_per_day	true	int		saveBlock/saveConfigItem	/api/config (X-Chat-Id)	chat_profiles.chat_params.overrides	summary_memory/dream_worker/nostalgia (hot.get|get_chat_param)	hot.get|get_chat_param	OK
memory	memory_dream	memory.dream_window_end_hour	true	int		saveBlock/saveConfigItem	/api/config (X-Chat-Id)	chat_profiles.chat_params.overrides	summary_memory/dream_worker/nostalgia (hot.get|get_chat_param)	hot.get|get_chat_param	OK
memory	memory_dream	memory.dream_window_start_hour	true	int		saveBlock/saveConfigItem	/api/config (X-Chat-Id)	chat_profiles.chat_params.overrides	summary_memory/dream_worker/nostalgia (hot.get|get_chat_param)	hot.get|get_chat_param	OK
keys	keys_llm	keys.embedding_api_key	false	str		saveKeyItem/saveBlock	/api/config (global, no X-Chat-Id)	bot_settings	llm_client/llm_probe/status_service (hot.get; BYOK — chat_keys)	hot.get	OK
models	models_embeddings	models.embedding_base_url	false	str		saveBlock/saveConfigItem (global:true)	/api/config (global, no X-Chat-Id)	bot_settings	llm_client/llm_probe/status_service/worker_budget (hot.get)	hot.get	OK
models	models_embeddings	models.embedding_dim	false	int		saveBlock/saveConfigItem (global:true)	/api/config (global, no X-Chat-Id)	bot_settings	llm_client/llm_probe/status_service/worker_budget (hot.get)	hot.get	OK
models	models_embeddings	models.embedding_display_name	false	str		saveBlock/saveConfigItem (global:true)	/api/config (global, no X-Chat-Id)	bot_settings	llm_client/llm_probe/status_service/worker_budget (hot.get)	hot.get	OK
models	models_embeddings	models.embedding_fallback2_display_name	false	str		saveBlock/saveConfigItem (global:true)	/api/config (global, no X-Chat-Id)	bot_settings	llm_client/llm_probe/status_service/worker_budget (hot.get)	hot.get	OK
keys	keys_llm	keys.embedding_fallback_api_key	false	str		saveKeyItem/saveBlock	/api/config (global, no X-Chat-Id)	bot_settings	llm_client/llm_probe/status_service (hot.get; BYOK — chat_keys)	hot.get	OK
keys	keys_llm	keys.embedding_fallback_api_key_2	false	str		saveKeyItem/saveBlock	/api/config (global, no X-Chat-Id)	bot_settings	llm_client/llm_probe/status_service (hot.get; BYOK — chat_keys)	hot.get	OK
models	models_embeddings	models.embedding_fallback_base_url	false	str		saveBlock/saveConfigItem (global:true)	/api/config (global, no X-Chat-Id)	bot_settings	llm_client/llm_probe/status_service/worker_budget (hot.get)	hot.get	OK
models	models_embeddings	models.embedding_fallback_display_name	false	str		saveBlock/saveConfigItem (global:true)	/api/config (global, no X-Chat-Id)	bot_settings	llm_client/llm_probe/status_service/worker_budget (hot.get)	hot.get	OK
models	models_embeddings	models.embedding_fallback_model	false	str		saveBlock/saveConfigItem (global:true)	/api/config (global, no X-Chat-Id)	bot_settings	llm_client/llm_probe/status_service/worker_budget (hot.get)	hot.get	OK
models	models_embeddings	models.embedding_model_name	false	str		saveBlock/saveConfigItem (global:true)	/api/config (global, no X-Chat-Id)	bot_settings	llm_client/llm_probe/status_service/worker_budget (hot.get)	hot.get	OK
flags	flags_memory	flags.embed_cache_enabled	true	bool		saveBlock/saveConfigItem	/api/config (X-Chat-Id)	chat_profiles.chat_params.overrides	feature_gates/direct_chat_service/workers (hot.get|get_chat_param)	hot.get|get_chat_param	OK
limits	limits_memory	limits.embed_cache_max_rows	true	int		saveBlock/saveConfigItem	/api/config (X-Chat-Id)	chat_profiles.chat_params.overrides	workers/RAG/direct_chat_service (hot.get|get_chat_param)	hot.get|get_chat_param	OK
limits	limits_memory	limits.embed_cache_ttl_days	true	int		saveBlock/saveConfigItem	/api/config (X-Chat-Id)	chat_profiles.chat_params.overrides	workers/RAG/direct_chat_service (hot.get|get_chat_param)	hot.get|get_chat_param	OK
flags	flags_module_transcribe	flags.enable_voice_transcription	true	bool		saveBlock/saveConfigItem	/api/config (X-Chat-Id)	chat_profiles.chat_params.overrides	feature_gates/direct_chat_service/workers (hot.get|get_chat_param)	hot.get|get_chat_param	OK
keys	keys_search	keys.exa_api_key	false	str		saveKeyItem/saveBlock	/api/config (global, no X-Chat-Id)	bot_settings	llm_client/llm_probe/status_service (hot.get; BYOK — chat_keys)	hot.get	OK
limits	limits_factcheck	limits.factcheck_context_messages	true	int		saveBlock/saveConfigItem	/api/config (X-Chat-Id)	chat_profiles.chat_params.overrides	workers/RAG/direct_chat_service (hot.get|get_chat_param)	hot.get|get_chat_param	OK
limits	limits_factcheck	limits.factcheck_cooldown_seconds	true	float		saveBlock/saveConfigItem	/api/config (X-Chat-Id)	chat_profiles.chat_params.overrides	workers/RAG/direct_chat_service (hot.get|get_chat_param)	hot.get|get_chat_param	OK
flags	flags_module_factcheck	flags.factcheck_enabled	true	bool		saveBlock/saveConfigItem	/api/config (X-Chat-Id)	chat_profiles.chat_params.overrides	feature_gates/direct_chat_service/workers (hot.get|get_chat_param)	hot.get|get_chat_param	OK
limits	limits_factcheck	limits.factcheck_max_symbols	true	int		saveBlock/saveConfigItem	/api/config (X-Chat-Id)	chat_profiles.chat_params.overrides	workers/RAG/direct_chat_service (hot.get|get_chat_param)	hot.get|get_chat_param	OK
limits	limits_memory	limits.full_memory_retention_days	true	int		saveBlock/saveConfigItem	/api/config (X-Chat-Id)	chat_profiles.chat_params.overrides	workers/RAG/direct_chat_service (hot.get|get_chat_param)	hot.get|get_chat_param	OK
limits	limits_media_permsoc	limits.gif_interval	true	int		saveBlock/saveConfigItem	/api/config (X-Chat-Id)	chat_profiles.chat_params.overrides	workers/RAG/direct_chat_service (hot.get|get_chat_param)	hot.get|get_chat_param	OK
reactions	reactions_slavik	reactions.gif_path	true	str		saveBlock/saveConfigItem	/api/config (X-Chat-Id)	chat_profiles.chat_params.overrides	direct_chat_service (hot.get|get_chat_param)	hot.get|get_chat_param	OK
reactions	reactions_goodmorning	reactions.goodmorning_media_dir	true	str		saveBlock/saveConfigItem	/api/config (X-Chat-Id)	chat_profiles.chat_params.overrides	direct_chat_service (hot.get|get_chat_param)	hot.get|get_chat_param	OK
reactions	reactions_goodmorning	reactions.goodmorning_target_chat_ids	true	json		saveBlock/saveConfigItem	/api/config (X-Chat-Id)	chat_profiles.chat_params.overrides	direct_chat_service (hot.get|get_chat_param)	hot.get|get_chat_param	OK
reactions	reactions_goodmorning	reactions.goodmorning_time	true	str		saveBlock/saveConfigItem	/api/config (X-Chat-Id)	chat_profiles.chat_params.overrides	direct_chat_service (hot.get|get_chat_param)	hot.get|get_chat_param	OK
reactions	reactions_goodmorning	reactions.goodmorning_tz	true	str		saveBlock/saveConfigItem	/api/config (X-Chat-Id)	chat_profiles.chat_params.overrides	direct_chat_service (hot.get|get_chat_param)	hot.get|get_chat_param	OK
limits	limits_graph	limits.graph_compression_log_retention_days	true	int		saveBlock/saveConfigItem	/api/config (X-Chat-Id)	chat_profiles.chat_params.overrides	workers/RAG/direct_chat_service (hot.get|get_chat_param)	hot.get|get_chat_param	OK
flags	flags_memory	flags.graph_dedup_enabled	true	bool		saveBlock/saveConfigItem	/api/config (X-Chat-Id)	chat_profiles.chat_params.overrides	feature_gates/direct_chat_service/workers (hot.get|get_chat_param)	hot.get|get_chat_param	OK
limits	limits_graph	limits.graph_dedup_similarity_high	true	float		saveBlock/saveConfigItem	/api/config (X-Chat-Id)	chat_profiles.chat_params.overrides	workers/RAG/direct_chat_service (hot.get|get_chat_param)	hot.get|get_chat_param	OK
limits	limits_graph	limits.graph_dedup_similarity_low	true	float		saveBlock/saveConfigItem	/api/config (X-Chat-Id)	chat_profiles.chat_params.overrides	workers/RAG/direct_chat_service (hot.get|get_chat_param)	hot.get|get_chat_param	OK
limits	limits_graph	limits.graph_dedup_weight_bonus	true	float		saveBlock/saveConfigItem	/api/config (X-Chat-Id)	chat_profiles.chat_params.overrides	workers/RAG/direct_chat_service (hot.get|get_chat_param)	hot.get|get_chat_param	OK
limits	limits_graph	limits.graph_edge_weight_increment	true	int		saveBlock/saveConfigItem	/api/config (X-Chat-Id)	chat_profiles.chat_params.overrides	workers/RAG/direct_chat_service (hot.get|get_chat_param)	hot.get|get_chat_param	OK
limits	limits_graph	limits.graph_episode_merge_batch	true	int		saveBlock/saveConfigItem	/api/config (X-Chat-Id)	chat_profiles.chat_params.overrides	workers/RAG/direct_chat_service (hot.get|get_chat_param)	hot.get|get_chat_param	OK
flags	flags_memory	flags.graph_episode_merge_enabled	true	bool		saveBlock/saveConfigItem	/api/config (X-Chat-Id)	chat_profiles.chat_params.overrides	feature_gates/direct_chat_service/workers (hot.get|get_chat_param)	hot.get|get_chat_param	OK
limits	limits_graph	limits.graph_episode_merge_interval_days	true	int		saveBlock/saveConfigItem	/api/config (X-Chat-Id)	chat_profiles.chat_params.overrides	workers/RAG/direct_chat_service (hot.get|get_chat_param)	hot.get|get_chat_param	OK
limits	limits_graph	limits.graph_episode_merge_max_facts_per_cluster	true	int		saveBlock/saveConfigItem	/api/config (X-Chat-Id)	chat_profiles.chat_params.overrides	workers/RAG/direct_chat_service (hot.get|get_chat_param)	hot.get|get_chat_param	OK
limits	limits_graph	limits.graph_extract_max_triplets	true	int		saveBlock/saveConfigItem	/api/config (X-Chat-Id)	chat_profiles.chat_params.overrides	workers/RAG/direct_chat_service (hot.get|get_chat_param)	hot.get|get_chat_param	OK
limits	limits_graph	limits.graph_facts_per_user_quota	true	int		saveBlock/saveConfigItem	/api/config (X-Chat-Id)	chat_profiles.chat_params.overrides	workers/RAG/direct_chat_service (hot.get|get_chat_param)	hot.get|get_chat_param	OK
flags	flags_memory	flags.graph_fact_touch_enabled	true	bool		saveBlock/saveConfigItem	/api/config (X-Chat-Id)	chat_profiles.chat_params.overrides	feature_gates/direct_chat_service/workers (hot.get|get_chat_param)	hot.get|get_chat_param	OK
limits	limits_graph	limits.graph_fact_touch_extend_days	true	int		saveBlock/saveConfigItem	/api/config (X-Chat-Id)	chat_profiles.chat_params.overrides	workers/RAG/direct_chat_service (hot.get|get_chat_param)	hot.get|get_chat_param	OK
limits	limits_graph	limits.graph_fact_ttl_days	true	int		saveBlock/saveConfigItem	/api/config (X-Chat-Id)	chat_profiles.chat_params.overrides	workers/RAG/direct_chat_service (hot.get|get_chat_param)	hot.get|get_chat_param	OK
limits	limits_graph	limits.graph_fact_weight_archive	true	float		saveBlock/saveConfigItem	/api/config (X-Chat-Id)	chat_profiles.chat_params.overrides	workers/RAG/direct_chat_service (hot.get|get_chat_param)	hot.get|get_chat_param	OK
limits	limits_graph	limits.graph_fact_weight_bot	true	float		saveBlock/saveConfigItem	/api/config (X-Chat-Id)	chat_profiles.chat_params.overrides	workers/RAG/direct_chat_service (hot.get|get_chat_param)	hot.get|get_chat_param	OK
limits	limits_graph	limits.graph_fact_weight_direct	true	float		saveBlock/saveConfigItem	/api/config (X-Chat-Id)	chat_profiles.chat_params.overrides	workers/RAG/direct_chat_service (hot.get|get_chat_param)	hot.get|get_chat_param	OK
limits	limits_graph	limits.graph_memorize_batch_retry_backoff	true	float		saveBlock/saveConfigItem	/api/config (X-Chat-Id)	chat_profiles.chat_params.overrides	workers/RAG/direct_chat_service (hot.get|get_chat_param)	hot.get|get_chat_param	OK
limits	limits_graph	limits.graph_memorize_max_batch_retries	true	int		saveBlock/saveConfigItem	/api/config (X-Chat-Id)	chat_profiles.chat_params.overrides	workers/RAG/direct_chat_service (hot.get|get_chat_param)	hot.get|get_chat_param	OK
flags	flags_memory	flags.graph_mmr_enabled	true	bool		saveBlock/saveConfigItem	/api/config (X-Chat-Id)	chat_profiles.chat_params.overrides	feature_gates/direct_chat_service/workers (hot.get|get_chat_param)	hot.get|get_chat_param	OK
limits	limits_graph	limits.graph_mmr_fetch_k	true	int		saveBlock/saveConfigItem	/api/config (X-Chat-Id)	chat_profiles.chat_params.overrides	workers/RAG/direct_chat_service (hot.get|get_chat_param)	hot.get|get_chat_param	OK
limits	limits_graph	limits.graph_mmr_lambda	true	float		saveBlock/saveConfigItem	/api/config (X-Chat-Id)	chat_profiles.chat_params.overrides	workers/RAG/direct_chat_service (hot.get|get_chat_param)	hot.get|get_chat_param	OK
limits	limits_graph	limits.graph_purge_protect_days	true	int		saveBlock/saveConfigItem	/api/config (X-Chat-Id)	chat_profiles.chat_params.overrides	workers/RAG/direct_chat_service (hot.get|get_chat_param)	hot.get|get_chat_param	OK
limits	limits_graph	limits.graph_purge_protect_weight	true	float		saveBlock/saveConfigItem	/api/config (X-Chat-Id)	chat_profiles.chat_params.overrides	workers/RAG/direct_chat_service (hot.get|get_chat_param)	hot.get|get_chat_param	OK
limits	limits_graph	limits.graph_rag_context_max_chars	true	int		saveBlock/saveConfigItem	/api/config (X-Chat-Id)	chat_profiles.chat_params.overrides	workers/RAG/direct_chat_service (hot.get|get_chat_param)	hot.get|get_chat_param	OK
flags	flags_memory	flags.graph_rag_enabled	true	bool		saveBlock/saveConfigItem	/api/config (X-Chat-Id)	chat_profiles.chat_params.overrides	feature_gates/direct_chat_service/workers (hot.get|get_chat_param)	hot.get|get_chat_param	OK
limits	limits_graph	limits.graph_rag_facts_limit	true	int		saveBlock/saveConfigItem	/api/config (X-Chat-Id)	chat_profiles.chat_params.overrides	workers/RAG/direct_chat_service (hot.get|get_chat_param)	hot.get|get_chat_param	OK
flags	flags_memory	flags.graph_review_enabled	true	bool		saveBlock/saveConfigItem	/api/config (X-Chat-Id)	chat_profiles.chat_params.overrides	feature_gates/direct_chat_service/workers (hot.get|get_chat_param)	hot.get|get_chat_param	OK
limits	limits_graph	limits.graph_review_interval_days	true	int		saveBlock/saveConfigItem	/api/config (X-Chat-Id)	chat_profiles.chat_params.overrides	workers/RAG/direct_chat_service (hot.get|get_chat_param)	hot.get|get_chat_param	OK
flags	flags_memory	flags.graph_time_decay_enabled	true	bool		saveBlock/saveConfigItem	/api/config (X-Chat-Id)	chat_profiles.chat_params.overrides	feature_gates/direct_chat_service/workers (hot.get|get_chat_param)	hot.get|get_chat_param	OK
limits	limits_graph	limits.graph_time_decay_floor	true	float		saveBlock/saveConfigItem	/api/config (X-Chat-Id)	chat_profiles.chat_params.overrides	workers/RAG/direct_chat_service (hot.get|get_chat_param)	hot.get|get_chat_param	OK
limits	limits_graph	limits.graph_time_decay_half_life_days	true	float		saveBlock/saveConfigItem	/api/config (X-Chat-Id)	chat_profiles.chat_params.overrides	workers/RAG/direct_chat_service (hot.get|get_chat_param)	hot.get|get_chat_param	OK
limits	limits_graph	limits.graph_top_edges_limit	true	int		saveBlock/saveConfigItem	/api/config (X-Chat-Id)	chat_profiles.chat_params.overrides	workers/RAG/direct_chat_service (hot.get|get_chat_param)	hot.get|get_chat_param	OK
limits	limits_graph	limits.graph_unconfirmed_retention_days	true	int		saveBlock/saveConfigItem	/api/config (X-Chat-Id)	chat_profiles.chat_params.overrides	workers/RAG/direct_chat_service (hot.get|get_chat_param)	hot.get|get_chat_param	OK
flags	flags_memory	flags.graph_user_quota_enabled	true	bool		saveBlock/saveConfigItem	/api/config (X-Chat-Id)	chat_profiles.chat_params.overrides	feature_gates/direct_chat_service/workers (hot.get|get_chat_param)	hot.get|get_chat_param	OK
keys	keys_groq	keys.groq_api_key	false	str		saveKeyItem/saveBlock	/api/config (global, no X-Chat-Id)	bot_settings	llm_client/llm_probe/status_service (hot.get; BYOK — chat_keys)	hot.get	OK
models	models_extra_providers	models.groq_display_name	false	str		saveBlock/saveConfigItem (global:true)	/api/config (global, no X-Chat-Id)	bot_settings	llm_client/llm_probe/status_service/worker_budget (hot.get)	hot.get	OK
models	models_extra_providers	models.groq_max_concurrency	false	int		saveBlock/saveConfigItem (global:true)	/api/config (global, no X-Chat-Id)	bot_settings	llm_client/llm_probe/status_service/worker_budget (hot.get)	hot.get	OK
models	models_extra_providers	models.groq_max_retries	false	int		saveBlock/saveConfigItem (global:true)	/api/config (global, no X-Chat-Id)	bot_settings	llm_client/llm_probe/status_service/worker_budget (hot.get)	hot.get	OK
models	models_extra_providers	models.groq_min_interval	false	float		saveBlock/saveConfigItem (global:true)	/api/config (global, no X-Chat-Id)	bot_settings	llm_client/llm_probe/status_service/worker_budget (hot.get)	hot.get	OK
models	models_extra_providers	models.groq_timeout	false	float		saveBlock/saveConfigItem (global:true)	/api/config (global, no X-Chat-Id)	bot_settings	llm_client/llm_probe/status_service/worker_budget (hot.get)	hot.get	OK
memory	memory_infinite	memory.infinite_retention	true	bool		saveBlock/saveConfigItem	/api/config (X-Chat-Id)	chat_profiles.chat_params.overrides	summary_memory/dream_worker/nostalgia (hot.get|get_chat_param)	hot.get|get_chat_param	OK
limits	limits_service	limits.info_cooldown_seconds	true	float		saveBlock/saveConfigItem	/api/config (X-Chat-Id)	chat_profiles.chat_params.overrides	workers/RAG/direct_chat_service (hot.get|get_chat_param)	hot.get|get_chat_param	OK
keys	keys_llm	keys.intel_bg_api_key	false	str		saveKeyItem/saveBlock	/api/config (global, no X-Chat-Id)	bot_settings	llm_client/llm_probe/status_service (hot.get; BYOK — chat_keys)	hot.get	OK
models	models_extra_providers	models.intel_bg_base_url	false	str		saveBlock/saveConfigItem (global:true)	/api/config (global, no X-Chat-Id)	bot_settings	llm_client/llm_probe/status_service/worker_budget (hot.get)	hot.get	OK
models	models_extra_providers	models.intel_bg_display_name	false	str		saveBlock/saveConfigItem (global:true)	/api/config (global, no X-Chat-Id)	bot_settings	llm_client/llm_probe/status_service/worker_budget (hot.get)	hot.get	OK
models	models_extra_providers	models.intel_bg_model_name	false	str		saveBlock/saveConfigItem (global:true)	/api/config (global, no X-Chat-Id)	bot_settings	llm_client/llm_probe/status_service/worker_budget (hot.get)	hot.get	OK
keys	keys_llm	keys.intel_history_api_key	false	str		saveKeyItem/saveBlock	/api/config (global, no X-Chat-Id)	bot_settings	llm_client/llm_probe/status_service (hot.get; BYOK — chat_keys)	hot.get	OK
models	models_extra_providers	models.intel_history_base_url	false	str		saveBlock/saveConfigItem (global:true)	/api/config (global, no X-Chat-Id)	bot_settings	llm_client/llm_probe/status_service/worker_budget (hot.get)	hot.get	OK
models	models_extra_providers	models.intel_history_display_name	false	str		saveBlock/saveConfigItem (global:true)	/api/config (global, no X-Chat-Id)	bot_settings	llm_client/llm_probe/status_service/worker_budget (hot.get)	hot.get	OK
models	models_extra_providers	models.intel_history_model_name	false	str		saveBlock/saveConfigItem (global:true)	/api/config (global, no X-Chat-Id)	bot_settings	llm_client/llm_probe/status_service/worker_budget (hot.get)	hot.get	OK
keys	keys_llm	keys.intel_reflection_api_key	false	str		saveKeyItem/saveBlock	/api/config (global, no X-Chat-Id)	bot_settings	llm_client/llm_probe/status_service (hot.get; BYOK — chat_keys)	hot.get	OK
models	models_extra_providers	models.intel_reflection_base_url	false	str		saveBlock/saveConfigItem (global:true)	/api/config (global, no X-Chat-Id)	bot_settings	llm_client/llm_probe/status_service/worker_budget (hot.get)	hot.get	OK
models	models_extra_providers	models.intel_reflection_display_name	false	str		saveBlock/saveConfigItem (global:true)	/api/config (global, no X-Chat-Id)	bot_settings	llm_client/llm_probe/status_service/worker_budget (hot.get)	hot.get	OK
models	models_extra_providers	models.intel_reflection_model_name	false	str		saveBlock/saveConfigItem (global:true)	/api/config (global, no X-Chat-Id)	bot_settings	llm_client/llm_probe/status_service/worker_budget (hot.get)	hot.get	OK
flags	flags_relations	flags.irony_filter_enabled	true	bool		saveBlock/saveConfigItem	/api/config (X-Chat-Id)	chat_profiles.chat_params.overrides	feature_gates/direct_chat_service/workers (hot.get|get_chat_param)	hot.get|get_chat_param	OK
flags	flags_permsoc	flags.kostik_enabled	true	bool		saveBlock/saveConfigItem	/api/config (X-Chat-Id)	chat_profiles.chat_params.overrides	feature_gates/direct_chat_service/workers (hot.get|get_chat_param)	hot.get|get_chat_param	OK
reactions	reactions_kostik	reactions.kostik_replies	true	json	list	saveBlock/saveConfigItem	/api/config (X-Chat-Id)	chat_profiles.chat_params.overrides	direct_chat_service (hot.get|get_chat_param)	hot.get|get_chat_param	OK
limits	limits_kostik	limits.kostik_reply_probability	true	float		saveBlock/saveConfigItem	/api/config (X-Chat-Id)	chat_profiles.chat_params.overrides	workers/RAG/direct_chat_service (hot.get|get_chat_param)	hot.get|get_chat_param	OK
reactions	reactions_kostik	reactions.kostik_user_id	true	int		saveBlock/saveConfigItem	/api/config (X-Chat-Id)	chat_profiles.chat_params.overrides	direct_chat_service (hot.get|get_chat_param)	hot.get|get_chat_param	OK
reactions	reactions_permsoc	reactions.kucha_enabled	true	bool		saveBlock/saveConfigItem	/api/config (X-Chat-Id)	chat_profiles.chat_params.overrides	direct_chat_service (hot.get|get_chat_param)	hot.get|get_chat_param	OK
keys	keys_llm	keys.llm_api_key	false	str		saveKeyItem/saveBlock	/api/config (global, no X-Chat-Id)	bot_settings	llm_client/llm_probe/status_service (hot.get; BYOK — chat_keys)	hot.get	OK
models	models_main	models.llm_base_url	false	str		saveBlock/saveConfigItem (global:true)	/api/config (global, no X-Chat-Id)	bot_settings	llm_client/llm_probe/status_service/worker_budget (hot.get)	hot.get	OK
models	models_llm_guard	models.llm_cb_cooldown_seconds	false	float		saveBlock/saveConfigItem (global:true)	/api/config (global, no X-Chat-Id)	bot_settings	llm_client/llm_probe/status_service/worker_budget (hot.get)	hot.get	OK
flags	flags_service	flags.llm_cb_enabled	true	bool		saveBlock/saveConfigItem	/api/config (X-Chat-Id)	chat_profiles.chat_params.overrides	feature_gates/direct_chat_service/workers (hot.get|get_chat_param)	hot.get|get_chat_param	OK
models	models_llm_guard	models.llm_cb_failure_threshold	false	int		saveBlock/saveConfigItem (global:true)	/api/config (global, no X-Chat-Id)	bot_settings	llm_client/llm_probe/status_service/worker_budget (hot.get)	hot.get	OK
models	models_main	models.llm_display_name	false	str		saveBlock/saveConfigItem (global:true)	/api/config (global, no X-Chat-Id)	bot_settings	llm_client/llm_probe/status_service/worker_budget (hot.get)	hot.get	OK
keys	keys_llm	keys.llm_fallback_api_key	false	str		saveKeyItem/saveBlock	/api/config (global, no X-Chat-Id)	bot_settings	llm_client/llm_probe/status_service (hot.get; BYOK — chat_keys)	hot.get	OK
models	models_fallback	models.llm_fallback_base_url	false	str		saveBlock/saveConfigItem (global:true)	/api/config (global, no X-Chat-Id)	bot_settings	llm_client/llm_probe/status_service/worker_budget (hot.get)	hot.get	OK
models	models_fallback	models.llm_fallback_display_name	false	str		saveBlock/saveConfigItem (global:true)	/api/config (global, no X-Chat-Id)	bot_settings	llm_client/llm_probe/status_service/worker_budget (hot.get)	hot.get	OK
models	models_fallback	models.llm_fallback_max_retries	false	int		saveBlock/saveConfigItem (global:true)	/api/config (global, no X-Chat-Id)	bot_settings	llm_client/llm_probe/status_service/worker_budget (hot.get)	hot.get	OK
models	models_fallback	models.llm_fallback_model	false	str		saveBlock/saveConfigItem (global:true)	/api/config (global, no X-Chat-Id)	bot_settings	llm_client/llm_probe/status_service/worker_budget (hot.get)	hot.get	OK
models	models_fallback	models.llm_fallback_timeout_seconds	false	float		saveBlock/saveConfigItem (global:true)	/api/config (global, no X-Chat-Id)	bot_settings	llm_client/llm_probe/status_service/worker_budget (hot.get)	hot.get	OK
models	models_llm_timeouts	models.llm_max_retries	false	int		saveBlock/saveConfigItem (global:true)	/api/config (global, no X-Chat-Id)	bot_settings	llm_client/llm_probe/status_service/worker_budget (hot.get)	hot.get	OK
models	models_main	models.llm_model_name	false	str		saveBlock/saveConfigItem (global:true)	/api/config (global, no X-Chat-Id)	bot_settings	llm_client/llm_probe/status_service/worker_budget (hot.get)	hot.get	OK
models	models_llm_timeouts	models.llm_retry_backoff_base	false	float		saveBlock/saveConfigItem (global:true)	/api/config (global, no X-Chat-Id)	bot_settings	llm_client/llm_probe/status_service/worker_budget (hot.get)	hot.get	OK
models	models_llm_timeouts	models.llm_retry_backoff_cap	false	float		saveBlock/saveConfigItem (global:true)	/api/config (global, no X-Chat-Id)	bot_settings	llm_client/llm_probe/status_service/worker_budget (hot.get)	hot.get	OK
models	models_llm_timeouts	models.llm_retry_jitter_max	false	float		saveBlock/saveConfigItem (global:true)	/api/config (global, no X-Chat-Id)	bot_settings	llm_client/llm_probe/status_service/worker_budget (hot.get)	hot.get	OK
models	models_llm_timeouts	models.llm_timeout	false	float		saveBlock/saveConfigItem (global:true)	/api/config (global, no X-Chat-Id)	bot_settings	llm_client/llm_probe/status_service/worker_budget (hot.get)	hot.get	OK
models	models_llm_guard	models.llm_total_budget	false	float		saveBlock/saveConfigItem (global:true)	/api/config (global, no X-Chat-Id)	bot_settings	llm_client/llm_probe/status_service/worker_budget (hot.get)	hot.get	OK
flags	flags_lore	flags.lore_auto_enabled	true	bool		saveBlock/saveConfigItem	/api/config (X-Chat-Id)	chat_profiles.chat_params.overrides	feature_gates/direct_chat_service/workers (hot.get|get_chat_param)	hot.get|get_chat_param	OK
limits	limits_lore	limits.lore_generate_cooldown	true	int		saveBlock/saveConfigItem	/api/config (X-Chat-Id)	chat_profiles.chat_params.overrides	workers/RAG/direct_chat_service (hot.get|get_chat_param)	hot.get|get_chat_param	OK
flags	flags_lore	flags.lore_inject_enabled	true	bool		saveBlock/saveConfigItem	/api/config (X-Chat-Id)	chat_profiles.chat_params.overrides	feature_gates/direct_chat_service/workers (hot.get|get_chat_param)	hot.get|get_chat_param	OK
limits	limits_lore	limits.lore_inject_max_chars	true	int		saveBlock/saveConfigItem	/api/config (X-Chat-Id)	chat_profiles.chat_params.overrides	workers/RAG/direct_chat_service (hot.get|get_chat_param)	hot.get|get_chat_param	OK
limits	limits_lore	limits.lore_max_words	true	int		saveBlock/saveConfigItem	/api/config (X-Chat-Id)	chat_profiles.chat_params.overrides	workers/RAG/direct_chat_service (hot.get|get_chat_param)	hot.get|get_chat_param	OK
limits	limits_lore	limits.lore_min_messages	true	int		saveBlock/saveConfigItem	/api/config (X-Chat-Id)	chat_profiles.chat_params.overrides	workers/RAG/direct_chat_service (hot.get|get_chat_param)	hot.get|get_chat_param	OK
limits	limits_lore	limits.lore_min_message_chars	true	int		saveBlock/saveConfigItem	/api/config (X-Chat-Id)	chat_profiles.chat_params.overrides	workers/RAG/direct_chat_service (hot.get|get_chat_param)	hot.get|get_chat_param	OK
limits	limits_lore	limits.lore_tick_minutes	true	int		saveBlock/saveConfigItem	/api/config (X-Chat-Id)	chat_profiles.chat_params.overrides	workers/RAG/direct_chat_service (hot.get|get_chat_param)	hot.get|get_chat_param	OK
limits	limits_lore	limits.lore_window_max_chars	true	int		saveBlock/saveConfigItem	/api/config (X-Chat-Id)	chat_profiles.chat_params.overrides	workers/RAG/direct_chat_service (hot.get|get_chat_param)	hot.get|get_chat_param	OK
limits	limits_lore	limits.lore_window_max_messages	true	int		saveBlock/saveConfigItem	/api/config (X-Chat-Id)	chat_profiles.chat_params.overrides	workers/RAG/direct_chat_service (hot.get|get_chat_param)	hot.get|get_chat_param	OK
flags	flags_lore	flags.lore_worker_enabled	true	bool		saveBlock/saveConfigItem	/api/config (X-Chat-Id)	chat_profiles.chat_params.overrides	feature_gates/direct_chat_service/workers (hot.get|get_chat_param)	hot.get|get_chat_param	OK
limits	limits_summary	limits.max_summary_parts	true	int		saveBlock/saveConfigItem	/api/config (X-Chat-Id)	chat_profiles.chat_params.overrides	workers/RAG/direct_chat_service (hot.get|get_chat_param)	hot.get|get_chat_param	OK
content	content_media	content.media_public_base_url	true	str		saveBlock/saveConfigItem	/api/config (X-Chat-Id)	chat_profiles.chat_params.overrides	info_service/direct_chat_service (hot.get|get_chat_param)	hot.get|get_chat_param	OK
content	content_media	content.media_share_dir	true	str		saveBlock/saveConfigItem	/api/config (X-Chat-Id)	chat_profiles.chat_params.overrides	info_service/direct_chat_service (hot.get|get_chat_param)	hot.get|get_chat_param	OK
limits	limits_video_summary	limits.media_share_max_mb	true	int		saveBlock/saveConfigItem	/api/config (X-Chat-Id)	chat_profiles.chat_params.overrides	workers/RAG/direct_chat_service (hot.get|get_chat_param)	hot.get|get_chat_param	OK
keys	keys_media	keys.media_share_secret	false	str		saveKeyItem/saveBlock	/api/config (global, no X-Chat-Id)	bot_settings	llm_client/llm_probe/status_service (hot.get; BYOK — chat_keys)	hot.get	OK
limits	limits_video_summary	limits.media_share_ttl_seconds	true	int		saveBlock/saveConfigItem	/api/config (X-Chat-Id)	chat_profiles.chat_params.overrides	workers/RAG/direct_chat_service (hot.get|get_chat_param)	hot.get|get_chat_param	OK
reactions	reactions_memory	reactions.memory_backup_dir	true	str		saveBlock/saveConfigItem	/api/config (X-Chat-Id)	chat_profiles.chat_params.overrides	direct_chat_service (hot.get|get_chat_param)	hot.get|get_chat_param	OK
flags	flags_memory	flags.memory_backup_enabled	true	bool		saveBlock/saveConfigItem	/api/config (X-Chat-Id)	chat_profiles.chat_params.overrides	feature_gates/direct_chat_service/workers (hot.get|get_chat_param)	hot.get|get_chat_param	OK
limits	limits_memory	limits.memory_backup_hour	true	str		saveBlock/saveConfigItem	/api/config (X-Chat-Id)	chat_profiles.chat_params.overrides	workers/RAG/direct_chat_service (hot.get|get_chat_param)	hot.get|get_chat_param	OK
limits	limits_memory	limits.memory_backup_keep	true	int		saveBlock/saveConfigItem	/api/config (X-Chat-Id)	chat_profiles.chat_params.overrides	workers/RAG/direct_chat_service (hot.get|get_chat_param)	hot.get|get_chat_param	OK
limits	limits_memory	limits.memory_commands_remember_ttl_days	true	int		saveBlock/saveConfigItem	/api/config (X-Chat-Id)	chat_profiles.chat_params.overrides	workers/RAG/direct_chat_service (hot.get|get_chat_param)	hot.get|get_chat_param	OK
flags	flags_memory	flags.memory_commands_user_enabled	true	bool		saveBlock/saveConfigItem	/api/config (X-Chat-Id)	chat_profiles.chat_params.overrides	feature_gates/direct_chat_service/workers (hot.get|get_chat_param)	hot.get|get_chat_param	OK
limits	limits_mimic	limits.mimic_cooldown	true	float		saveBlock/saveConfigItem	/api/config (X-Chat-Id)	chat_profiles.chat_params.overrides	workers/RAG/direct_chat_service (hot.get|get_chat_param)	hot.get|get_chat_param	OK
flags	flags_permsoc	flags.mimic_enabled	true	bool		saveBlock/saveConfigItem	/api/config (X-Chat-Id)	chat_profiles.chat_params.overrides	feature_gates/direct_chat_service/workers (hot.get|get_chat_param)	hot.get|get_chat_param	OK
flags	flags_media	flags.mimic_forwards_enabled	true	bool		saveBlock/saveConfigItem	/api/config (X-Chat-Id)	chat_profiles.chat_params.overrides	feature_gates/direct_chat_service/workers (hot.get|get_chat_param)	hot.get|get_chat_param	OK
limits	limits_mimic	limits.mimic_min_words	true	int		saveBlock/saveConfigItem	/api/config (X-Chat-Id)	chat_profiles.chat_params.overrides	workers/RAG/direct_chat_service (hot.get|get_chat_param)	hot.get|get_chat_param	OK
reactions	reactions_mimic	reactions.mimic_victim_user_ids	true	str		saveBlock/saveConfigItem	/api/config (X-Chat-Id)	chat_profiles.chat_params.overrides	direct_chat_service (hot.get|get_chat_param)	hot.get|get_chat_param	OK
memory	memory_nostalgia	memory.nostalgia_aggressiveness	true	float		saveBlock/saveConfigItem	/api/config (X-Chat-Id)	chat_profiles.chat_params.overrides	summary_memory/dream_worker/nostalgia (hot.get|get_chat_param)	hot.get|get_chat_param	OK
memory	memory_nostalgia	memory.nostalgia_cooldown_hours	true	int		saveBlock/saveConfigItem	/api/config (X-Chat-Id)	chat_profiles.chat_params.overrides	summary_memory/dream_worker/nostalgia (hot.get|get_chat_param)	hot.get|get_chat_param	OK
memory	memory_nostalgia	memory.nostalgia_enabled	true	bool		saveBlock/saveConfigItem	/api/config (X-Chat-Id)	chat_profiles.chat_params.overrides	summary_memory/dream_worker/nostalgia (hot.get|get_chat_param)	hot.get|get_chat_param	OK
memory	memory_nostalgia	memory.nostalgia_golden_min_days	true	int		saveBlock/saveConfigItem	/api/config (X-Chat-Id)	chat_profiles.chat_params.overrides	summary_memory/dream_worker/nostalgia (hot.get|get_chat_param)	hot.get|get_chat_param	OK
memory	memory_nostalgia	memory.nostalgia_golden_min_importance	true	int		saveBlock/saveConfigItem	/api/config (X-Chat-Id)	chat_profiles.chat_params.overrides	summary_memory/dream_worker/nostalgia (hot.get|get_chat_param)	hot.get|get_chat_param	OK
memory	memory_nostalgia	memory.nostalgia_hint_max_chars	true	int		saveBlock/saveConfigItem	/api/config (X-Chat-Id)	chat_profiles.chat_params.overrides	summary_memory/dream_worker/nostalgia (hot.get|get_chat_param)	hot.get|get_chat_param	OK
memory	memory_nostalgia	memory.nostalgia_layer_a_enabled	true	bool		saveBlock/saveConfigItem	/api/config (X-Chat-Id)	chat_profiles.chat_params.overrides	summary_memory/dream_worker/nostalgia (hot.get|get_chat_param)	hot.get|get_chat_param	OK
memory	memory_nostalgia	memory.nostalgia_layer_a_max_hints	true	int		saveBlock/saveConfigItem	/api/config (X-Chat-Id)	chat_profiles.chat_params.overrides	summary_memory/dream_worker/nostalgia (hot.get|get_chat_param)	hot.get|get_chat_param	OK
memory	memory_nostalgia	memory.nostalgia_max_per_day	true	int		saveBlock/saveConfigItem	/api/config (X-Chat-Id)	chat_profiles.chat_params.overrides	summary_memory/dream_worker/nostalgia (hot.get|get_chat_param)	hot.get|get_chat_param	OK
memory	memory_nostalgia	memory.nostalgia_max_send_chars	true	int		saveBlock/saveConfigItem	/api/config (X-Chat-Id)	chat_profiles.chat_params.overrides	summary_memory/dream_worker/nostalgia (hot.get|get_chat_param)	hot.get|get_chat_param	OK
memory	memory_nostalgia	memory.nostalgia_min_silence_minutes	true	int		saveBlock/saveConfigItem	/api/config (X-Chat-Id)	chat_profiles.chat_params.overrides	summary_memory/dream_worker/nostalgia (hot.get|get_chat_param)	hot.get|get_chat_param	OK
memory	memory_nostalgia	memory.nostalgia_pause_hours	true	int		saveBlock/saveConfigItem	/api/config (X-Chat-Id)	chat_profiles.chat_params.overrides	summary_memory/dream_worker/nostalgia (hot.get|get_chat_param)	hot.get|get_chat_param	OK
memory	memory_nostalgia	memory.nostalgia_quiet_end_hour	true	int		saveBlock/saveConfigItem	/api/config (X-Chat-Id)	chat_profiles.chat_params.overrides	summary_memory/dream_worker/nostalgia (hot.get|get_chat_param)	hot.get|get_chat_param	OK
memory	memory_nostalgia	memory.nostalgia_quiet_start_hour	true	int		saveBlock/saveConfigItem	/api/config (X-Chat-Id)	chat_profiles.chat_params.overrides	summary_memory/dream_worker/nostalgia (hot.get|get_chat_param)	hot.get|get_chat_param	OK
memory	memory_nostalgia	memory.nostalgia_tick_minutes	true	int		saveBlock/saveConfigItem	/api/config (X-Chat-Id)	chat_profiles.chat_params.overrides	summary_memory/dream_worker/nostalgia (hot.get|get_chat_param)	hot.get|get_chat_param	OK
memory	memory_nostalgia	memory.nostalgia_unanswered_max	true	int		saveBlock/saveConfigItem	/api/config (X-Chat-Id)	chat_profiles.chat_params.overrides	summary_memory/dream_worker/nostalgia (hot.get|get_chat_param)	hot.get|get_chat_param	OK
memory	memory_nostalgia	memory.nostalgia_year_back_days_window	true	int		saveBlock/saveConfigItem	/api/config (X-Chat-Id)	chat_profiles.chat_params.overrides	summary_memory/dream_worker/nostalgia (hot.get|get_chat_param)	hot.get|get_chat_param	OK
flags	flags_media	flags.olya_always_send	true	bool		saveBlock/saveConfigItem	/api/config (X-Chat-Id)	chat_profiles.chat_params.overrides	feature_gates/direct_chat_service/workers (hot.get|get_chat_param)	hot.get|get_chat_param	OK
flags	flags_media	flags.olya_caption_enabled	true	bool		saveBlock/saveConfigItem	/api/config (X-Chat-Id)	chat_profiles.chat_params.overrides	feature_gates/direct_chat_service/workers (hot.get|get_chat_param)	hot.get|get_chat_param	OK
flags	flags_media	flags.olya_caption_mention_enabled	true	bool		saveBlock/saveConfigItem	/api/config (X-Chat-Id)	chat_profiles.chat_params.overrides	feature_gates/direct_chat_service/workers (hot.get|get_chat_param)	hot.get|get_chat_param	OK
reactions	reactions_olya	reactions.olya_caption_text	true	str		saveBlock/saveConfigItem	/api/config (X-Chat-Id)	chat_profiles.chat_params.overrides	direct_chat_service (hot.get|get_chat_param)	hot.get|get_chat_param	OK
limits	limits_media_permsoc	limits.olya_cooldown	true	float		saveBlock/saveConfigItem	/api/config (X-Chat-Id)	chat_profiles.chat_params.overrides	workers/RAG/direct_chat_service (hot.get|get_chat_param)	hot.get|get_chat_param	OK
flags	flags_permsoc	flags.olya_enabled	true	bool		saveBlock/saveConfigItem	/api/config (X-Chat-Id)	chat_profiles.chat_params.overrides	feature_gates/direct_chat_service/workers (hot.get|get_chat_param)	hot.get|get_chat_param	OK
reactions	reactions_olya	reactions.olya_media_base	true	str		saveBlock/saveConfigItem	/api/config (X-Chat-Id)	chat_profiles.chat_params.overrides	direct_chat_service (hot.get|get_chat_param)	hot.get|get_chat_param	OK
reactions	reactions_olya	reactions.olya_media_type	true	str		saveBlock/saveConfigItem	/api/config (X-Chat-Id)	chat_profiles.chat_params.overrides	direct_chat_service (hot.get|get_chat_param)	hot.get|get_chat_param	OK
flags	flags_media	flags.olya_repost_enabled	true	bool		saveBlock/saveConfigItem	/api/config (X-Chat-Id)	chat_profiles.chat_params.overrides	feature_gates/direct_chat_service/workers (hot.get|get_chat_param)	hot.get|get_chat_param	OK
reactions	reactions_olya	reactions.olya_saveasbot_channel_ids	true	json		saveBlock/saveConfigItem	/api/config (X-Chat-Id)	chat_profiles.chat_params.overrides	direct_chat_service (hot.get|get_chat_param)	hot.get|get_chat_param	OK
reactions	reactions_olya	reactions.olya_saveasbot_user_ids	true	json		saveBlock/saveConfigItem	/api/config (X-Chat-Id)	chat_profiles.chat_params.overrides	direct_chat_service (hot.get|get_chat_param)	hot.get|get_chat_param	OK
reactions	reactions_olya	reactions.olya_user_id	true	int		saveBlock/saveConfigItem	/api/config (X-Chat-Id)	chat_profiles.chat_params.overrides	direct_chat_service (hot.get|get_chat_param)	hot.get|get_chat_param	OK
keys	keys_openrouter	keys.openrouter_api_key	false	str		saveKeyItem/saveBlock	/api/config (global, no X-Chat-Id)	bot_settings	llm_client/llm_probe/status_service (hot.get; BYOK — chat_keys)	hot.get	OK
models	models_video_summary	models.openrouter_display_name	false	str		saveBlock/saveConfigItem (global:true)	/api/config (global, no X-Chat-Id)	bot_settings	llm_client/llm_probe/status_service/worker_budget (hot.get)	hot.get	OK
models	models_extra_providers	models.openrouter_timeout	false	float		saveBlock/saveConfigItem (global:true)	/api/config (global, no X-Chat-Id)	bot_settings	llm_client/llm_probe/status_service/worker_budget (hot.get)	hot.get	OK
models	models_extra_providers	models.openrouter_transcribe_display_name	false	str		saveBlock/saveConfigItem (global:true)	/api/config (global, no X-Chat-Id)	bot_settings	llm_client/llm_probe/status_service/worker_budget (hot.get)	hot.get	OK
flags	flags_permsoc	flags.permsoc_enabled	true	bool		saveBlock/saveConfigItem	/api/config (X-Chat-Id)	chat_profiles.chat_params.overrides	feature_gates/direct_chat_service/workers (hot.get|get_chat_param)	hot.get|get_chat_param	OK
flags	flags_memory	flags.persona_enabled	true	bool		saveBlock/saveConfigItem	/api/config (X-Chat-Id)	chat_profiles.chat_params.overrides	feature_gates/direct_chat_service/workers (hot.get|get_chat_param)	hot.get|get_chat_param	OK
limits	limits_memory	limits.rag_stale_after_days	true	int		saveBlock/saveConfigItem	/api/config (X-Chat-Id)	chat_profiles.chat_params.overrides	workers/RAG/direct_chat_service (hot.get|get_chat_param)	hot.get|get_chat_param	OK
limits	limits_relations	limits.relations_acquaintance_min_days	true	int		saveBlock/saveConfigItem	/api/config (X-Chat-Id)	chat_profiles.chat_params.overrides	workers/RAG/direct_chat_service (hot.get|get_chat_param)	hot.get|get_chat_param	OK
limits	limits_relations	limits.relations_acquaintance_min_msg	true	int		saveBlock/saveConfigItem	/api/config (X-Chat-Id)	chat_profiles.chat_params.overrides	workers/RAG/direct_chat_service (hot.get|get_chat_param)	hot.get|get_chat_param	OK
limits	limits_relations	limits.relations_api_max_users	true	int		saveBlock/saveConfigItem	/api/config (X-Chat-Id)	chat_profiles.chat_params.overrides	workers/RAG/direct_chat_service (hot.get|get_chat_param)	hot.get|get_chat_param	OK
limits	limits_relations	limits.relations_decay_half_life_days	true	int		saveBlock/saveConfigItem	/api/config (X-Chat-Id)	chat_profiles.chat_params.overrides	workers/RAG/direct_chat_service (hot.get|get_chat_param)	hot.get|get_chat_param	OK
limits	limits_relations	limits.relations_downgrade_msg_30d	true	int		saveBlock/saveConfigItem	/api/config (X-Chat-Id)	chat_profiles.chat_params.overrides	workers/RAG/direct_chat_service (hot.get|get_chat_param)	hot.get|get_chat_param	OK
limits	limits_relations	limits.relations_hold_absent_days	true	int		saveBlock/saveConfigItem	/api/config (X-Chat-Id)	chat_profiles.chat_params.overrides	workers/RAG/direct_chat_service (hot.get|get_chat_param)	hot.get|get_chat_param	OK
limits	limits_relations	limits.relations_inject_max_chars	true	int		saveBlock/saveConfigItem	/api/config (X-Chat-Id)	chat_profiles.chat_params.overrides	workers/RAG/direct_chat_service (hot.get|get_chat_param)	hot.get|get_chat_param	OK
limits	limits_relations	limits.relations_recalc_ttl_minutes	true	int		saveBlock/saveConfigItem	/api/config (X-Chat-Id)	chat_profiles.chat_params.overrides	workers/RAG/direct_chat_service (hot.get|get_chat_param)	hot.get|get_chat_param	OK
limits	limits_relations	limits.relations_regular_min_days	true	int		saveBlock/saveConfigItem	/api/config (X-Chat-Id)	chat_profiles.chat_params.overrides	workers/RAG/direct_chat_service (hot.get|get_chat_param)	hot.get|get_chat_param	OK
limits	limits_relations	limits.relations_regular_min_msg	true	int		saveBlock/saveConfigItem	/api/config (X-Chat-Id)	chat_profiles.chat_params.overrides	workers/RAG/direct_chat_service (hot.get|get_chat_param)	hot.get|get_chat_param	OK
limits	limits_relations	limits.relations_scan_max_rows	true	int		saveBlock/saveConfigItem	/api/config (X-Chat-Id)	chat_profiles.chat_params.overrides	workers/RAG/direct_chat_service (hot.get|get_chat_param)	hot.get|get_chat_param	OK
limits	limits_relations	limits.relations_stage_change_min_days	true	int		saveBlock/saveConfigItem	/api/config (X-Chat-Id)	chat_profiles.chat_params.overrides	workers/RAG/direct_chat_service (hot.get|get_chat_param)	hot.get|get_chat_param	OK
flags	flags_relations	flags.relations_tone_enabled	true	bool		saveBlock/saveConfigItem	/api/config (X-Chat-Id)	chat_profiles.chat_params.overrides	feature_gates/direct_chat_service/workers (hot.get|get_chat_param)	hot.get|get_chat_param	OK
limits	limits_relations	limits.relations_veteran_min_days	true	int		saveBlock/saveConfigItem	/api/config (X-Chat-Id)	chat_profiles.chat_params.overrides	workers/RAG/direct_chat_service (hot.get|get_chat_param)	hot.get|get_chat_param	OK
limits	limits_relations	limits.relations_veteran_min_msg	true	int		saveBlock/saveConfigItem	/api/config (X-Chat-Id)	chat_profiles.chat_params.overrides	workers/RAG/direct_chat_service (hot.get|get_chat_param)	hot.get|get_chat_param	OK
limits	limits_chat	limits.running_summary_ttl_minutes	true	int		saveBlock/saveConfigItem	/api/config (X-Chat-Id)	chat_profiles.chat_params.overrides	workers/RAG/direct_chat_service (hot.get|get_chat_param)	hot.get|get_chat_param	OK
limits	limits_search	limits.search_context_messages	true	int		saveBlock/saveConfigItem	/api/config (X-Chat-Id)	chat_profiles.chat_params.overrides	workers/RAG/direct_chat_service (hot.get|get_chat_param)	hot.get|get_chat_param	OK
limits	limits_search	limits.search_cooldown_seconds	true	float		saveBlock/saveConfigItem	/api/config (X-Chat-Id)	chat_profiles.chat_params.overrides	workers/RAG/direct_chat_service (hot.get|get_chat_param)	hot.get|get_chat_param	OK
flags	flags_module_search	flags.search_enabled	true	bool		saveBlock/saveConfigItem	/api/config (X-Chat-Id)	chat_profiles.chat_params.overrides	feature_gates/direct_chat_service/workers (hot.get|get_chat_param)	hot.get|get_chat_param	OK
limits	limits_search	limits.search_max_symbols	true	int		saveBlock/saveConfigItem	/api/config (X-Chat-Id)	chat_profiles.chat_params.overrides	workers/RAG/direct_chat_service (hot.get|get_chat_param)	hot.get|get_chat_param	OK
flags	flags_module_search	flags.search_rerank_enabled	true	bool		saveBlock/saveConfigItem	/api/config (X-Chat-Id)	chat_profiles.chat_params.overrides	feature_gates/direct_chat_service/workers (hot.get|get_chat_param)	hot.get|get_chat_param	OK
limits	limits_media_permsoc	limits.selfdev_cooldown	true	float		saveBlock/saveConfigItem	/api/config (X-Chat-Id)	chat_profiles.chat_params.overrides	workers/RAG/direct_chat_service (hot.get|get_chat_param)	hot.get|get_chat_param	OK
limits	limits_media_permsoc	limits.slavic_photo_interval	true	int		saveBlock/saveConfigItem	/api/config (X-Chat-Id)	chat_profiles.chat_params.overrides	workers/RAG/direct_chat_service (hot.get|get_chat_param)	hot.get|get_chat_param	OK
reactions	reactions_slavik	reactions.slavic_photo_path	true	str		saveBlock/saveConfigItem	/api/config (X-Chat-Id)	chat_profiles.chat_params.overrides	direct_chat_service (hot.get|get_chat_param)	hot.get|get_chat_param	OK
reactions	reactions_slavik	reactions.slavic_random_dir	true	str		saveBlock/saveConfigItem	/api/config (X-Chat-Id)	chat_profiles.chat_params.overrides	direct_chat_service (hot.get|get_chat_param)	hot.get|get_chat_param	OK
flags	flags_permsoc	flags.slavik_enabled	true	bool		saveBlock/saveConfigItem	/api/config (X-Chat-Id)	chat_profiles.chat_params.overrides	feature_gates/direct_chat_service/workers (hot.get|get_chat_param)	hot.get|get_chat_param	OK
limits	limits_mimic	limits.slavik_mimic_cooldown	true	float		saveBlock/saveConfigItem	/api/config (X-Chat-Id)	chat_profiles.chat_params.overrides	workers/RAG/direct_chat_service (hot.get|get_chat_param)	hot.get|get_chat_param	OK
limits	limits_mimic	limits.slavik_mimic_min_words	true	int		saveBlock/saveConfigItem	/api/config (X-Chat-Id)	chat_profiles.chat_params.overrides	workers/RAG/direct_chat_service (hot.get|get_chat_param)	hot.get|get_chat_param	OK
reactions	reactions_slavik	reactions.slavik_user_id	true	int		saveBlock/saveConfigItem	/api/config (X-Chat-Id)	chat_profiles.chat_params.overrides	direct_chat_service (hot.get|get_chat_param)	hot.get|get_chat_param	OK
limits	limits_chat	limits.smartmodule_concurrency_per_chat	true	int		saveBlock/saveConfigItem	/api/config (X-Chat-Id)	chat_profiles.chat_params.overrides	workers/RAG/direct_chat_service (hot.get|get_chat_param)	hot.get|get_chat_param	OK
limits	limits_chat	limits.smartmodule_concurrency_wait_seconds	true	float		saveBlock/saveConfigItem	/api/config (X-Chat-Id)	chat_profiles.chat_params.overrides	workers/RAG/direct_chat_service (hot.get|get_chat_param)	hot.get|get_chat_param	OK
flags	flags_smart_cache	flags.smart_cache_enabled	true	bool		saveBlock/saveConfigItem	/api/config (X-Chat-Id)	chat_profiles.chat_params.overrides	feature_gates/direct_chat_service/workers (hot.get|get_chat_param)	hot.get|get_chat_param	OK
limits	limits_smart_cache	limits.smart_cache_max_rows	true	int		saveBlock/saveConfigItem	/api/config (X-Chat-Id)	chat_profiles.chat_params.overrides	workers/RAG/direct_chat_service (hot.get|get_chat_param)	hot.get|get_chat_param	OK
limits	limits_smart_cache	limits.smart_cache_ttl_seconds	true	int		saveBlock/saveConfigItem	/api/config (X-Chat-Id)	chat_profiles.chat_params.overrides	workers/RAG/direct_chat_service (hot.get|get_chat_param)	hot.get|get_chat_param	OK
limits	limits_transcribe	limits.stt_groq_max_upload_mb	true	int		saveBlock/saveConfigItem	/api/config (X-Chat-Id)	chat_profiles.chat_params.overrides	workers/RAG/direct_chat_service (hot.get|get_chat_param)	hot.get|get_chat_param	OK
limits	limits_transcribe	limits.stt_openrouter_max_upload_mb	true	int		saveBlock/saveConfigItem	/api/config (X-Chat-Id)	chat_profiles.chat_params.overrides	workers/RAG/direct_chat_service (hot.get|get_chat_param)	hot.get|get_chat_param	OK
flags	flags_summary	flags.summary_admin_only	true	bool		saveBlock/saveConfigItem	/api/config (X-Chat-Id)	chat_profiles.chat_params.overrides	feature_gates/direct_chat_service/workers (hot.get|get_chat_param)	hot.get|get_chat_param	OK
limits	limits_user_aliases	limits.summary_aliases	true	json	keyvalue	saveBlock/saveConfigItem	/api/config (X-Chat-Id)	chat_profiles.chat_params.overrides	workers/RAG/direct_chat_service (hot.get|get_chat_param)	hot.get|get_chat_param	OK
limits	limits_summary	limits.summary_chunk_delay	true	float		saveBlock/saveConfigItem	/api/config (X-Chat-Id)	chat_profiles.chat_params.overrides	workers/RAG/direct_chat_service (hot.get|get_chat_param)	hot.get|get_chat_param	OK
limits	limits_summary	limits.summary_compress_batch	true	int		saveBlock/saveConfigItem	/api/config (X-Chat-Id)	chat_profiles.chat_params.overrides	workers/RAG/direct_chat_service (hot.get|get_chat_param)	hot.get|get_chat_param	OK
flags	flags_module_summary	flags.summary_enabled	true	bool		saveBlock/saveConfigItem	/api/config (X-Chat-Id)	chat_profiles.chat_params.overrides	feature_gates/direct_chat_service/workers (hot.get|get_chat_param)	hot.get|get_chat_param	OK
limits	limits_summary	limits.summary_max_context_chars	true	int		saveBlock/saveConfigItem	/api/config (X-Chat-Id)	chat_profiles.chat_params.overrides	workers/RAG/direct_chat_service (hot.get|get_chat_param)	hot.get|get_chat_param	OK
limits	limits_summary	limits.summary_max_context_tokens	true	int		saveBlock/saveConfigItem	/api/config (X-Chat-Id)	chat_profiles.chat_params.overrides	workers/RAG/direct_chat_service (hot.get|get_chat_param)	hot.get|get_chat_param	OK
limits	limits_summary	limits.summary_max_message_chars	true	int		saveBlock/saveConfigItem	/api/config (X-Chat-Id)	chat_profiles.chat_params.overrides	workers/RAG/direct_chat_service (hot.get|get_chat_param)	hot.get|get_chat_param	OK
limits	limits_memory	limits.summary_max_window_messages	true	int		saveBlock/saveConfigItem	/api/config (X-Chat-Id)	chat_profiles.chat_params.overrides	workers/RAG/direct_chat_service (hot.get|get_chat_param)	hot.get|get_chat_param	OK
limits	limits_graph	limits.summary_rag_l2_limit	true	int		saveBlock/saveConfigItem	/api/config (X-Chat-Id)	chat_profiles.chat_params.overrides	workers/RAG/direct_chat_service (hot.get|get_chat_param)	hot.get|get_chat_param	OK
limits	limits_graph	limits.summary_rag_l3_limit	true	int		saveBlock/saveConfigItem	/api/config (X-Chat-Id)	chat_profiles.chat_params.overrides	workers/RAG/direct_chat_service (hot.get|get_chat_param)	hot.get|get_chat_param	OK
limits	limits_summary	limits.summary_retry_once_pause	true	float		saveBlock/saveConfigItem	/api/config (X-Chat-Id)	chat_profiles.chat_params.overrides	workers/RAG/direct_chat_service (hot.get|get_chat_param)	hot.get|get_chat_param	OK
flags	flags_summary	flags.summary_streaming_enabled	true	bool		saveBlock/saveConfigItem	/api/config (X-Chat-Id)	chat_profiles.chat_params.overrides	feature_gates/direct_chat_service/workers (hot.get|get_chat_param)	hot.get|get_chat_param	OK
limits	limits_summary	limits.summary_stream_edit_interval_group	true	float		saveBlock/saveConfigItem	/api/config (X-Chat-Id)	chat_profiles.chat_params.overrides	workers/RAG/direct_chat_service (hot.get|get_chat_param)	hot.get|get_chat_param	OK
limits	limits_summary	limits.summary_stream_edit_interval_private	true	float		saveBlock/saveConfigItem	/api/config (X-Chat-Id)	chat_profiles.chat_params.overrides	workers/RAG/direct_chat_service (hot.get|get_chat_param)	hot.get|get_chat_param	OK
reactions	reactions_summary	reactions.summary_target_chat_ids	true	json		saveBlock/saveConfigItem	/api/config (X-Chat-Id)	chat_profiles.chat_params.overrides	direct_chat_service (hot.get|get_chat_param)	hot.get|get_chat_param	OK
limits	limits_summary	limits.summary_throttle_seconds	true	float		saveBlock/saveConfigItem	/api/config (X-Chat-Id)	chat_profiles.chat_params.overrides	workers/RAG/direct_chat_service (hot.get|get_chat_param)	hot.get|get_chat_param	OK
limits	limits_summary	limits.summary_timezone	true	str		saveBlock/saveConfigItem	/api/config (X-Chat-Id)	chat_profiles.chat_params.overrides	workers/RAG/direct_chat_service (hot.get|get_chat_param)	hot.get|get_chat_param	OK
limits	limits_memory	limits.summary_window_hours	true	float		saveBlock/saveConfigItem	/api/config (X-Chat-Id)	chat_profiles.chat_params.overrides	workers/RAG/direct_chat_service (hot.get|get_chat_param)	hot.get|get_chat_param	OK
keys	keys_search	keys.tavily_api_key	false	str		saveKeyItem/saveBlock	/api/config (global, no X-Chat-Id)	bot_settings	llm_client/llm_probe/status_service (hot.get; BYOK — chat_keys)	hot.get	OK
flags	flags_throttle	flags.throttle_persistent_enabled	true	bool		saveBlock/saveConfigItem	/api/config (X-Chat-Id)	chat_profiles.chat_params.overrides	feature_gates/direct_chat_service/workers (hot.get|get_chat_param)	hot.get|get_chat_param	OK
models	models_embeddings	models.tokenizer_encoding	false	str		saveBlock/saveConfigItem (global:true)	/api/config (global, no X-Chat-Id)	bot_settings	llm_client/llm_probe/status_service/worker_budget (hot.get)	hot.get	OK
models	models_embeddings	models.token_safety_multiplier	false	float		saveBlock/saveConfigItem (global:true)	/api/config (global, no X-Chat-Id)	bot_settings	llm_client/llm_probe/status_service/worker_budget (hot.get)	hot.get	OK
flags	flags_chat_behavior	flags.typing_indicator_enabled	true	bool		saveBlock/saveConfigItem	/api/config (X-Chat-Id)	chat_profiles.chat_params.overrides	feature_gates/direct_chat_service/workers (hot.get|get_chat_param)	hot.get|get_chat_param	OK
limits	limits_chat_behavior	limits.typing_interval_seconds	true	float		saveBlock/saveConfigItem	/api/config (X-Chat-Id)	chat_profiles.chat_params.overrides	workers/RAG/direct_chat_service (hot.get|get_chat_param)	hot.get|get_chat_param	OK
reactions	reactions_word_reactions	reactions.vasya_enabled	true	bool		saveBlock/saveConfigItem	/api/config (X-Chat-Id)	chat_profiles.chat_params.overrides	direct_chat_service (hot.get|get_chat_param)	hot.get|get_chat_param	OK
flags	flags_memory	flags.vec_int8_enabled	true	bool		saveBlock/saveConfigItem	/api/config (X-Chat-Id)	chat_profiles.chat_params.overrides	feature_gates/direct_chat_service/workers (hot.get|get_chat_param)	hot.get|get_chat_param	OK
models	models_video_summary	models.video_fallback_model	false	str		saveBlock/saveConfigItem (global:true)	/api/config (global, no X-Chat-Id)	bot_settings	llm_client/llm_probe/status_service/worker_budget (hot.get)	hot.get	OK
models	models_video_summary	models.video_primary_model	false	str		saveBlock/saveConfigItem (global:true)	/api/config (global, no X-Chat-Id)	bot_settings	llm_client/llm_probe/status_service/worker_budget (hot.get)	hot.get	OK
limits	limits_transcribe	limits.video_stt_timeout_seconds	true	float		saveBlock/saveConfigItem	/api/config (X-Chat-Id)	chat_profiles.chat_params.overrides	workers/RAG/direct_chat_service (hot.get|get_chat_param)	hot.get|get_chat_param	OK
flags	flags_module_video_summary	flags.video_summary_enabled	true	bool		saveBlock/saveConfigItem	/api/config (X-Chat-Id)	chat_profiles.chat_params.overrides	feature_gates/direct_chat_service/workers (hot.get|get_chat_param)	hot.get|get_chat_param	OK
limits	limits_video_summary	limits.video_summary_min_chars	true	int		saveBlock/saveConfigItem	/api/config (X-Chat-Id)	chat_profiles.chat_params.overrides	workers/RAG/direct_chat_service (hot.get|get_chat_param)	hot.get|get_chat_param	OK
models	models_video_summary	models.video_timeout_seconds	false	float		saveBlock/saveConfigItem (global:true)	/api/config (global, no X-Chat-Id)	bot_settings	llm_client/llm_probe/status_service/worker_budget (hot.get)	hot.get	OK
limits	limits_transcribe	limits.video_transcribe_max_duration_seconds	true	int		saveBlock/saveConfigItem	/api/config (X-Chat-Id)	chat_profiles.chat_params.overrides	workers/RAG/direct_chat_service (hot.get|get_chat_param)	hot.get|get_chat_param	OK
limits	limits_transcribe	limits.video_transcribe_max_size_mb	true	int		saveBlock/saveConfigItem	/api/config (X-Chat-Id)	chat_profiles.chat_params.overrides	workers/RAG/direct_chat_service (hot.get|get_chat_param)	hot.get|get_chat_param	OK
limits	limits_transcribe	limits.voice_max_duration_seconds	true	int		saveBlock/saveConfigItem	/api/config (X-Chat-Id)	chat_profiles.chat_params.overrides	workers/RAG/direct_chat_service (hot.get|get_chat_param)	hot.get|get_chat_param	OK
reactions	reactions_war	reactions.war_channel_ids	true	str		saveBlock/saveConfigItem	/api/config (X-Chat-Id)	chat_profiles.chat_params.overrides	direct_chat_service (hot.get|get_chat_param)	hot.get|get_chat_param	OK
reactions	reactions_war	reactions.war_channel_usernames	true	str		saveBlock/saveConfigItem	/api/config (X-Chat-Id)	chat_profiles.chat_params.overrides	direct_chat_service (hot.get|get_chat_param)	hot.get|get_chat_param	OK
reactions	reactions_war	reactions.war_replies	true	str		saveBlock/saveConfigItem	/api/config (X-Chat-Id)	chat_profiles.chat_params.overrides	direct_chat_service (hot.get|get_chat_param)	hot.get|get_chat_param	OK
limits	limits_web	limits.webpage_cooldown_seconds	true	float		saveBlock/saveConfigItem	/api/config (X-Chat-Id)	chat_profiles.chat_params.overrides	workers/RAG/direct_chat_service (hot.get|get_chat_param)	hot.get|get_chat_param	OK
flags	flags_module_web	flags.webpage_enabled	true	bool		saveBlock/saveConfigItem	/api/config (X-Chat-Id)	chat_profiles.chat_params.overrides	feature_gates/direct_chat_service/workers (hot.get|get_chat_param)	hot.get|get_chat_param	OK
limits	limits_web	limits.webpage_max_symbols	true	int		saveBlock/saveConfigItem	/api/config (X-Chat-Id)	chat_profiles.chat_params.overrides	workers/RAG/direct_chat_service (hot.get|get_chat_param)	hot.get|get_chat_param	OK
limits	limits_worker	limits.worker_budget_jitter_minutes	true	int		saveBlock/saveConfigItem	/api/config (X-Chat-Id)	chat_profiles.chat_params.overrides	workers/RAG/direct_chat_service (hot.get|get_chat_param)	hot.get|get_chat_param	OK
limits	limits_worker	limits.worker_budget_tz	true	str		saveBlock/saveConfigItem	/api/config (X-Chat-Id)	chat_profiles.chat_params.overrides	workers/RAG/direct_chat_service (hot.get|get_chat_param)	hot.get|get_chat_param	OK
limits	limits_worker	limits.worker_daily_llm_calls_global	true	int		saveBlock/saveConfigItem	/api/config (X-Chat-Id)	chat_profiles.chat_params.overrides	workers/RAG/direct_chat_service (hot.get|get_chat_param)	hot.get|get_chat_param	OK
limits	limits_worker	limits.worker_daily_llm_calls_per_chat	true	int		saveBlock/saveConfigItem	/api/config (X-Chat-Id)	chat_profiles.chat_params.overrides	workers/RAG/direct_chat_service (hot.get|get_chat_param)	hot.get|get_chat_param	OK
limits	limits_worker	limits.worker_daily_llm_tokens_global	true	int		saveBlock/saveConfigItem	/api/config (X-Chat-Id)	chat_profiles.chat_params.overrides	workers/RAG/direct_chat_service (hot.get|get_chat_param)	hot.get|get_chat_param	OK
limits	limits_worker	limits.worker_daily_llm_tokens_per_chat	true	int		saveBlock/saveConfigItem	/api/config (X-Chat-Id)	chat_profiles.chat_params.overrides	workers/RAG/direct_chat_service (hot.get|get_chat_param)	hot.get|get_chat_param	OK
limits	limits_worker	limits.worker_priority_order	true	str		saveBlock/saveConfigItem	/api/config (X-Chat-Id)	chat_profiles.chat_params.overrides	workers/RAG/direct_chat_service (hot.get|get_chat_param)	hot.get|get_chat_param	OK
limits	limits_media_permsoc	limits.work_cooldown	true	float		saveBlock/saveConfigItem	/api/config (X-Chat-Id)	chat_profiles.chat_params.overrides	workers/RAG/direct_chat_service (hot.get|get_chat_param)	hot.get|get_chat_param	OK
keys	keys_youtube	keys.youtube_cookies_file	false	str		saveKeyItem/saveBlock	/api/config (global, no X-Chat-Id)	bot_settings	llm_client/llm_probe/status_service (hot.get; BYOK — chat_keys)	hot.get	OK
limits	limits_youtube	limits.youtube_cooldown_seconds	true	float		saveBlock/saveConfigItem	/api/config (X-Chat-Id)	chat_profiles.chat_params.overrides	workers/RAG/direct_chat_service (hot.get|get_chat_param)	hot.get|get_chat_param	OK
limits	limits_youtube	limits.youtube_max_symbols	true	int		saveBlock/saveConfigItem	/api/config (X-Chat-Id)	chat_profiles.chat_params.overrides	workers/RAG/direct_chat_service (hot.get|get_chat_param)	hot.get|get_chat_param	OK
limits	limits_youtube_proxy	limits.youtube_transcript_proxy_domain	true	str		saveBlock/saveConfigItem	/api/config (X-Chat-Id)	chat_profiles.chat_params.overrides	workers/RAG/direct_chat_service (hot.get|get_chat_param)	hot.get|get_chat_param	OK
limits	limits_youtube_proxy	limits.youtube_transcript_proxy_locations	true	str		saveBlock/saveConfigItem	/api/config (X-Chat-Id)	chat_profiles.chat_params.overrides	workers/RAG/direct_chat_service (hot.get|get_chat_param)	hot.get|get_chat_param	OK
keys	keys_youtube	keys.youtube_transcript_proxy_password	false	str		saveKeyItem/saveBlock	/api/config (global, no X-Chat-Id)	bot_settings	llm_client/llm_probe/status_service (hot.get; BYOK — chat_keys)	hot.get	OK
limits	limits_youtube_proxy	limits.youtube_transcript_proxy_port	true	str		saveBlock/saveConfigItem	/api/config (X-Chat-Id)	chat_profiles.chat_params.overrides	workers/RAG/direct_chat_service (hot.get|get_chat_param)	hot.get|get_chat_param	OK
limits	limits_youtube_proxy	limits.youtube_transcript_proxy_retries	true	int		saveBlock/saveConfigItem	/api/config (X-Chat-Id)	chat_profiles.chat_params.overrides	workers/RAG/direct_chat_service (hot.get|get_chat_param)	hot.get|get_chat_param	OK
keys	keys_youtube	keys.youtube_transcript_proxy_url	false	str		saveKeyItem/saveBlock	/api/config (global, no X-Chat-Id)	bot_settings	llm_client/llm_probe/status_service (hot.get; BYOK — chat_keys)	hot.get	OK
keys	keys_youtube	keys.youtube_transcript_proxy_username	false	str		saveKeyItem/saveBlock	/api/config (global, no X-Chat-Id)	bot_settings	llm_client/llm_probe/status_service (hot.get; BYOK — chat_keys)	hot.get	OK
flags	flags_module_media_download	flags.ytdlp_for_youtube	true	bool		saveBlock/saveConfigItem	/api/config (X-Chat-Id)	chat_profiles.chat_params.overrides	feature_gates/direct_chat_service/workers (hot.get|get_chat_param)	hot.get|get_chat_param	OK
content	content_info	content.info_how_it_works	true	json		saveBlock/saveConfigItem	/api/config (X-Chat-Id)	chat_profiles.chat_params.overrides	info_service/direct_chat_service (hot.get|get_chat_param)	hot.get|get_chat_param	OK
content	content_info	content.intelligence_guide	true	json		POST /api/info/guide	/api/info/guide (dedicated, F6)	bot_settings[content.intelligence_guide]	info_service.get_guide/hot.get	get_guide|hot.get	OK
content	content_info	content.no_key_reply	true	str		saveBlock/saveConfigItem	/api/config (X-Chat-Id)	chat_profiles.chat_params.overrides	info_service/direct_chat_service (hot.get|get_chat_param)	hot.get|get_chat_param	OK
models	models_extra_providers	models.groq_base_url	false	str		saveBlock/saveConfigItem (global:true)	/api/config (global, no X-Chat-Id)	bot_settings	llm_client/llm_probe/status_service/worker_budget (hot.get)	hot.get	OK
models	models_extra_providers	models.groq_transcribe_model	false	str		saveBlock/saveConfigItem (global:true)	/api/config (global, no X-Chat-Id)	bot_settings	llm_client/llm_probe/status_service/worker_budget (hot.get)	hot.get	OK
models	models_extra_providers	models.openrouter_base_url	false	str		saveBlock/saveConfigItem (global:true)	/api/config (global, no X-Chat-Id)	bot_settings	llm_client/llm_probe/status_service/worker_budget (hot.get)	hot.get	OK
models	models_extra_providers	models.openrouter_transcribe_model	false	str		saveBlock/saveConfigItem (global:true)	/api/config (global, no X-Chat-Id)	bot_settings	llm_client/llm_probe/status_service/worker_budget (hot.get)	hot.get	OK
prompts	prompts_checkup	prompts.checkup_system_prompt	true	str		saveBlock/saveConfigItem	/api/config (X-Chat-Id)	chat_profiles.chat_params.overrides	direct_chat_service/workers (hot.get|get_chat_param)	hot.get|get_chat_param	OK
prompts	prompts_memory	prompts.compress_system_prompt	true	str		saveBlock/saveConfigItem	/api/config (X-Chat-Id)	chat_profiles.chat_params.overrides	direct_chat_service/workers (hot.get|get_chat_param)	hot.get|get_chat_param	OK
prompts	prompts_direct_chat	prompts.direct_chat_system_prompt	true	str		saveBlock/saveConfigItem	/api/config (X-Chat-Id)	chat_profiles.chat_params.overrides	direct_chat_service/workers (hot.get|get_chat_param)	hot.get|get_chat_param	OK
prompts	prompts_memory	prompts.extract_system_prompt	true	str		saveBlock/saveConfigItem	/api/config (X-Chat-Id)	chat_profiles.chat_params.overrides	direct_chat_service/workers (hot.get|get_chat_param)	hot.get|get_chat_param	OK
prompts	prompts_factcheck	prompts.factcheck_system_prompt	true	str		saveBlock/saveConfigItem	/api/config (X-Chat-Id)	chat_profiles.chat_params.overrides	direct_chat_service/workers (hot.get|get_chat_param)	hot.get|get_chat_param	OK
prompts	prompts_search	prompts.search_system_prompt	true	str		saveBlock/saveConfigItem	/api/config (X-Chat-Id)	chat_profiles.chat_params.overrides	direct_chat_service/workers (hot.get|get_chat_param)	hot.get|get_chat_param	OK
prompts	prompts_summary	prompts.summary_system_prompt	true	str		saveBlock/saveConfigItem	/api/config (X-Chat-Id)	chat_profiles.chat_params.overrides	direct_chat_service/workers (hot.get|get_chat_param)	hot.get|get_chat_param	OK
prompts	prompts_web	prompts.webpage_system_prompt	true	str		saveBlock/saveConfigItem	/api/config (X-Chat-Id)	chat_profiles.chat_params.overrides	direct_chat_service/workers (hot.get|get_chat_param)	hot.get|get_chat_param	OK
prompts	prompts_youtube	prompts.youtube_system_prompt	true	str		saveBlock/saveConfigItem	/api/config (X-Chat-Id)	chat_profiles.chat_params.overrides	direct_chat_service/workers (hot.get|get_chat_param)	hot.get|get_chat_param	OK
prompts	prompts_youtube	prompts.youtube_video_system_prompt	true	str		saveBlock/saveConfigItem	/api/config (X-Chat-Id)	chat_profiles.chat_params.overrides	direct_chat_service/workers (hot.get|get_chat_param)	hot.get|get_chat_param	OK
